customer_id,segment_name,recency,frequency,monetary,R,F,M,RFM_Total,ticket_count,neg_ticket_rate,return_rate,avg_discount,sessions_30d,last_visit_days_ago,campaign_clicks_30d,loyalty_tier,churn_next_60d
CUST00001,At Risk,107,6,2955.57,2,5,4,11,2.0,0.5,0.16666666666666666,0.36333333333333334,1,20,0,Silver,1
CUST00002,New Customers,40,1,581.0,4,1,1,6,1.0,0.0,0.0,0.23,8,0,0,Silver,0
CUST00003,Discount Sensitive,171,1,649.98,1,1,1,3,0.0,0.0,0.0,0.47,1,26,0,,1
CUST00004,At Risk,131,1,1604.04,2,1,3,6,0.0,0.0,0.0,0.16,1,14,0,,1
CUST00005,Loyal Customers,38,4,2550.91,4,3,3,10,1.0,1.0,0.0,0.4425,18,9,1,Gold,0
CUST00006,Loyal Customers,51,5,3770.16,3,4,4,11,2.0,1.0,0.2,0.358,2,1,0,Silver,0
CUST00007,New Customers,3,1,719.33,5,1,1,7,0.0,0.0,0.0,0.18,11,12,3,,0
CUST00008,Loyal Customers,47,4,2747.33,3,3,4,10,1.0,0.0,0.0,0.2225,2,16,0,Silver,0
CUST00009,Discount Sensitive,31,1,376.85,4,1,1,6,0.0,0.0,0.0,0.49,11,6,0,,0
CUST00010,Discount Sensitive,9,1,636.8,5,1,1,7,0.0,0.0,0.0,0.45,13,5,0,,0
CUST00011,Needs Nurturing,1,2,925.0699999999999,5,2,2,9,0.0,0.0,0.0,0.15500000000000003,10,0,0,Gold,0
CUST00012,Needs Nurturing,50,2,2051.63,3,2,3,8,1.0,1.0,0.0,0.29500000000000004,3,5,0,,1
CUST00013,Needs Nurturing,61,3,1754.44,3,3,3,9,1.0,1.0,0.0,0.23,4,21,0,,0
CUST00014,Loyal Customers,51,11,8130.16,3,5,5,13,2.0,0.5,0.0,0.2618181818181818,11,17,0,,0
CUST00015,Loyal Customers,35,4,4200.93,4,3,5,12,0.0,0.0,0.0,0.3025,6,11,0,Gold,0
CUST00016,Dormant,215,1,478.02,1,1,1,3,1.0,0.0,0.0,0.22,2,32,1,,1
CUST00017,At Risk,286,3,1699.1399999999999,1,3,3,7,0.0,0.0,0.0,0.26666666666666666,4,47,4,,1
CUST00018,Needs Nurturing,111,1,329.21,2,1,1,4,0.0,0.0,0.0,0.36,3,37,2,Silver,1
CUST00019,Needs Nurturing,9,2,1598.93,5,2,3,10,0.0,0.0,0.0,0.105,5,0,1,Gold,0
CUST00020,High-Value but Unhappy,368,3,4487.950000000001,1,3,5,9,1.0,1.0,0.0,0.13,0,60,0,,1
CUST00021,Needs Nurturing,77,2,1059.3,3,2,2,7,1.0,1.0,0.0,0.435,3,18,0,Silver,1
CUST00022,New Customers,29,1,454.06,4,1,1,6,0.0,0.0,0.0,0.31,10,0,1,,0
CUST00023,New Customers,21,1,400.98,4,1,1,6,0.0,0.0,0.0,0.25,3,7,1,Gold,0
CUST00024,New Customers,4,1,481.35,5,1,1,7,0.0,0.0,0.0,0.34,13,0,0,,0
CUST00025,High-Value but Unhappy,165,7,4868.86,1,5,5,11,3.0,0.6666666666666666,0.0,0.31142857142857144,11,29,1,,1
CUST00026,Loyal Customers,72,3,3561.3900000000003,3,3,4,10,1.0,1.0,0.3333333333333333,0.16333333333333333,14,26,0,,0
CUST00027,Needs Nurturing,70,1,2128.34,3,1,3,7,1.0,1.0,1.0,0.3,11,18,2,,0
CUST00028,Needs Nurturing,83,2,1489.7800000000002,3,2,2,7,1.0,0.0,0.0,0.19,1,19,0,,0
CUST00029,Champions,18,8,5252.9,5,5,5,15,0.0,0.0,0.0,0.23374999999999999,1,0,0,,0
CUST00030,Champions,5,6,3435.5899999999997,5,5,4,14,2.0,1.0,0.0,0.34,11,3,0,Gold,0
CUST00031,New Customers,49,1,672.95,3,1,1,5,0.0,0.0,0.0,0.24,6,9,0,,1
CUST00032,Loyal Customers,33,3,1948.75,4,3,3,10,0.0,0.0,0.0,0.3666666666666667,12,13,0,Silver,0
CUST00033,Loyal Customers,12,4,2128.09,5,3,3,11,2.0,1.0,0.5,0.405,7,7,0,Gold,0
CUST00034,Loyal Customers,50,6,3353.01,3,5,4,12,3.0,0.3333333333333333,0.0,0.26166666666666666,7,0,2,Gold,0
CUST00035,At Risk,127,3,1369.71,2,3,2,7,0.0,0.0,0.0,0.24333333333333332,6,25,0,Silver,1
CUST00036,Loyal Customers,27,4,1737.33,4,3,3,10,1.0,1.0,0.25,0.365,0,14,0,Silver,1
CUST00037,Needs Nurturing,102,1,435.83,2,1,1,4,0.0,0.0,0.0,0.43,5,28,0,,0
CUST00038,Needs Nurturing,51,4,2104.61,3,3,3,9,1.0,0.0,0.0,0.355,5,14,0,,0
CUST00039,Loyal Customers,15,3,1598.49,5,3,3,11,0.0,0.0,0.0,0.2966666666666667,6,4,1,,0
CUST00040,Dormant,154,1,634.73,1,1,1,3,1.0,0.0,0.0,0.38,1,42,0,,1
CUST00041,Needs Nurturing,54,4,1911.8600000000001,3,3,3,9,1.0,1.0,0.0,0.3475,5,22,2,Silver,1
CUST00042,High-Value but Unhappy,87,9,7523.74,2,5,5,12,6.0,0.8333333333333334,0.2222222222222222,0.21888888888888888,3,14,2,Silver,0
CUST00043,New Customers,24,1,363.01,4,1,1,6,0.0,0.0,0.0,0.43,3,0,0,Gold,0
CUST00044,Loyal Customers,72,3,2724.09,3,3,4,10,1.0,1.0,0.0,0.38666666666666666,6,10,2,,0
CUST00045,Needs Nurturing,96,1,413.75,2,1,1,4,0.0,0.0,0.0,0.33,6,10,1,,1
CUST00046,Needs Nurturing,127,1,489.87,2,1,1,4,0.0,0.0,0.0,0.13,7,29,0,Gold,1
CUST00047,Dormant,204,1,764.43,1,1,1,3,0.0,0.0,0.0,0.16,2,36,1,Gold,1
CUST00048,Needs Nurturing,61,4,2450.45,3,3,3,9,1.0,1.0,0.25,0.3125,12,12,0,Silver,0
CUST00049,Discount Sensitive,8,1,380.83,5,1,1,7,0.0,0.0,0.0,0.47,4,0,1,,0
CUST00050,Loyal Customers,0,3,2466.39,5,3,3,11,1.0,1.0,0.3333333333333333,0.3333333333333333,3,0,1,Gold,0
CUST00051,High-Value but Unhappy,210,4,4444.3,1,3,5,9,2.0,1.0,0.0,0.3525,6,35,2,,1
CUST00052,Loyal Customers,55,3,2807.14,3,3,4,10,1.0,1.0,0.3333333333333333,0.21,7,8,0,Silver,1
CUST00053,Loyal Customers,25,4,4192.59,4,3,5,12,2.0,1.0,0.0,0.395,9,5,1,Silver,0
CUST00054,New Customers,6,1,489.85,5,1,1,7,0.0,0.0,0.0,0.25,3,0,0,,0
CUST00055,Loyal Customers,3,3,1308.35,5,3,2,10,1.0,1.0,0.0,0.24666666666666667,6,0,2,,0
CUST00056,Loyal Customers,9,4,3530.41,5,3,4,12,1.0,1.0,0.0,0.28500000000000003,3,0,0,,0
CUST00057,At Risk,136,2,2510.83,2,2,3,7,0.0,0.0,0.0,0.245,7,29,1,,1
CUST00058,Loyal Customers,42,4,2451.54,4,3,3,10,0.0,0.0,0.0,0.23249999999999998,2,6,4,,0
CUST00059,Loyal Customers,2,3,2852.63,5,3,4,12,0.0,0.0,0.0,0.32666666666666666,3,2,0,Silver,0
CUST00060,Needs Nurturing,145,1,293.22,2,1,1,4,0.0,0.0,0.0,0.36,5,20,0,,1
CUST00061,Loyal Customers,14,4,1966.0900000000001,5,3,3,11,1.0,1.0,0.0,0.41,4,15,1,,0
CUST00062,Loyal Customers,21,4,2805.19,4,3,4,11,1.0,1.0,0.0,0.2525,9,0,1,Silver,0
CUST00063,Dormant,216,1,397.69,1,1,1,3,1.0,1.0,0.0,0.22,0,24,0,,1
CUST00064,New Customers,2,1,654.93,5,1,1,7,0.0,0.0,0.0,0.43,8,0,0,,0
CUST00065,New Customers,6,1,1911.67,5,1,3,9,0.0,0.0,0.0,0.0,3,0,2,,0
CUST00066,High-Value but Unhappy,320,5,4598.95,1,4,5,10,1.0,1.0,0.0,0.292,11,60,1,,1
CUST00067,Needs Nurturing,63,2,1246.44,3,2,2,7,1.0,1.0,0.5,0.19999999999999998,1,5,2,Silver,1
CUST00068,At Risk,346,3,2123.66,1,3,3,7,1.0,1.0,0.3333333333333333,0.24333333333333332,5,60,1,Silver,1
CUST00069,Needs Nurturing,29,2,874.47,4,2,2,8,0.0,0.0,0.0,0.225,9,0,1,,1
CUST00070,New Customers,38,1,542.98,4,1,1,6,0.0,0.0,0.0,0.34,1,18,0,Gold,1
CUST00071,New Customers,32,1,2062.5,4,1,3,8,1.0,1.0,0.0,0.08,1,12,2,,1
CUST00072,At Risk,90,4,2587.02,2,3,4,9,0.0,0.0,0.0,0.1925,7,26,1,,1
CUST00073,Champions,8,5,4077.07,5,4,5,14,0.0,0.0,0.0,0.154,7,0,1,,0
CUST00074,Loyal Customers,7,4,2523.65,5,4,3,12,1.0,1.0,0.25,0.39,14,22,1,Platinum,0
CUST00075,Champions,3,9,6791.61,5,5,5,15,4.0,1.0,0.0,0.3011111111111111,10,13,0,,0
CUST00076,Needs Nurturing,20,2,1385.27,5,2,2,9,0.0,0.0,0.0,0.22000000000000003,17,8,0,,0
CUST00077,Needs Nurturing,109,1,394.32,2,1,1,4,0.0,0.0,0.0,0.36,0,20,0,,1
CUST00078,At Risk,139,1,894.45,2,1,2,5,1.0,1.0,1.0,0.42,5,38,0,,1
CUST00079,Dormant,191,1,619.57,1,1,1,3,0.0,0.0,0.0,0.05,2,31,0,Silver,1
CUST00080,Loyal Customers,50,3,2563.41,3,3,4,10,0.0,0.0,0.0,0.18999999999999997,11,3,0,Gold,0
CUST00081,Champions,19,8,5311.16,5,5,5,15,3.0,1.0,0.25,0.16,12,0,0,Silver,0
CUST00082,At Risk,254,3,1671.25,1,3,3,7,0.0,0.0,0.0,0.17,7,44,3,,1
CUST00083,At Risk,89,2,806.87,2,2,2,6,1.0,1.0,0.5,0.33499999999999996,9,17,0,,1
CUST00084,At Risk,167,1,1273.18,1,1,2,4,0.0,0.0,0.0,0.12,11,34,1,Silver,1
CUST00085,New Customers,14,1,1257.8,5,1,2,8,0.0,0.0,0.0,0.2,8,0,0,,1
CUST00086,Loyal Customers,21,5,2195.41,4,4,3,11,1.0,1.0,0.0,0.266,7,0,2,Silver,0
CUST00087,New Customers,44,1,933.58,4,1,2,7,0.0,0.0,0.0,0.38,1,15,0,,0
CUST00088,High-Value but Unhappy,98,12,6774.5,2,5,5,12,1.0,1.0,0.0,0.365,9,18,0,Gold,1
CUST00089,At Risk,165,2,2825.75,1,2,4,7,0.0,0.0,0.0,0.25,12,31,3,,1
CUST00090,Loyal Customers,80,4,1966.31,3,4,3,10,1.0,1.0,0.0,0.375,5,36,0,Platinum,0
CUST00091,At Risk,90,4,3726.87,2,4,4,10,1.0,0.0,0.0,0.16499999999999998,9,11,0,Platinum,0
CUST00092,New Customers,21,1,430.85,4,1,1,6,0.0,0.0,0.0,0.26,1,3,0,,0
CUST00093,Needs Nurturing,85,1,759.64,3,1,1,5,0.0,0.0,0.0,0.12,16,21,4,Gold,1
CUST00094,High-Value but Unhappy,183,4,3557.43,1,4,4,9,2.0,1.0,0.0,0.1975,6,60,1,,1
CUST00095,Needs Nurturing,65,1,372.65,3,1,1,5,1.0,1.0,0.0,0.41,10,7,1,,1
CUST00096,Needs Nurturing,61,3,1563.75,3,3,3,9,1.0,1.0,0.3333333333333333,0.37666666666666665,12,15,0,,0
CUST00097,Champions,1,7,4703.46,5,5,5,15,2.0,0.5,0.14285714285714285,0.3685714285714286,0,0,0,,0
CUST00098,At Risk,184,2,1843.57,1,2,3,6,1.0,1.0,0.0,0.195,8,49,0,,1
CUST00099,High-Value but Unhappy,144,5,3410.87,2,4,4,10,1.0,1.0,0.0,0.192,4,27,2,,0
CUST00100,Dormant,70,1,372.37,3,1,1,5,0.0,0.0,0.0,0.29,1,29,0,,0
CUST00101,High-Value but Unhappy,108,5,3514.87,2,4,4,10,2.0,1.0,0.0,0.274,2,27,0,,1
CUST00102,Needs Nurturing,83,1,732.65,3,1,1,5,0.0,0.0,0.0,0.16,2,7,0,,0
CUST00103,New Customers,21,1,1469.96,4,1,2,7,0.0,0.0,0.0,0.08,6,0,1,,0
CUST00104,At Risk,93,1,955.63,2,1,2,5,0.0,0.0,0.0,0.31,3,27,0,,1
CUST00105,New Customers,46,1,2052.43,4,1,3,8,0.0,0.0,0.0,0.18,1,3,0,,0
CUST00106,Loyal Customers,61,7,4352.11,3,5,5,13,1.0,1.0,0.0,0.2814285714285714,5,21,0,,1
CUST00107,Loyal Customers,12,3,3548.15,5,3,4,12,0.0,0.0,0.0,0.11333333333333334,2,10,0,,0
CUST00108,New Customers,44,1,1074.5,4,1,2,7,1.0,1.0,1.0,0.22,5,11,0,,1
CUST00109,At Risk,92,5,3837.05,2,4,4,10,0.0,0.0,0.0,0.332,1,16,1,Silver,0
CUST00110,Champions,35,6,3922.07,4,5,4,13,2.0,1.0,0.0,0.26333333333333336,4,8,0,,1
CUST00111,At Risk,178,1,1135.09,1,1,2,4,0.0,0.0,0.0,0.23,3,33,0,Silver,1
CUST00112,Champions,0,8,5576.25,5,5,5,15,1.0,1.0,0.125,0.23875,4,0,0,,0
CUST00113,Needs Nurturing,28,2,1601.31,4,2,3,9,0.0,0.0,0.0,0.385,17,2,0,Silver,0
CUST00114,High-Value but Unhappy,239,6,5133.53,1,5,5,11,1.0,1.0,0.0,0.265,3,41,1,,1
CUST00115,Dormant,159,1,596.54,1,1,1,3,1.0,1.0,0.0,0.14,12,23,2,Gold,1
CUST00116,At Risk,143,6,5635.9,2,5,5,12,0.0,0.0,0.0,0.18666666666666668,10,26,2,,1
CUST00117,At Risk,123,4,2534.33,2,4,3,9,0.0,0.0,0.0,0.16499999999999998,2,27,0,Silver,1
CUST00118,New Customers,27,1,689.56,4,1,1,6,0.0,0.0,0.0,0.18,2,1,0,Silver,0
CUST00119,Loyal Customers,69,3,2848.36,3,3,4,10,1.0,1.0,0.0,0.3466666666666667,12,1,0,,0
CUST00120,New Customers,26,1,261.95,4,1,1,6,0.0,0.0,0.0,0.27,6,5,0,Silver,0
CUST00121,Needs Nurturing,27,2,2496.0299999999997,4,2,3,9,0.0,0.0,0.0,0.19,5,2,1,Gold,0
CUST00122,At Risk,106,2,2048.93,2,2,3,7,0.0,0.0,0.0,0.36,10,30,4,Gold,1
CUST00123,High-Value but Unhappy,102,6,2989.07,2,5,4,11,3.0,1.0,0.16666666666666666,0.34833333333333333,2,23,0,Silver,0
CUST00124,At Risk,194,4,2570.5,1,4,4,9,0.0,0.0,0.0,0.3375,5,43,0,,1
CUST00125,Needs Nurturing,8,2,1698.4,5,2,3,10,0.0,0.0,0.0,0.395,0,0,1,,0
CUST00126,Needs Nurturing,57,2,1260.02,3,2,2,7,0.0,0.0,0.0,0.43,5,3,0,Silver,1
CUST00127,Needs Nurturing,24,2,729.55,4,2,1,7,0.0,0.0,0.0,0.29500000000000004,3,15,0,Silver,0
CUST00128,Needs Nurturing,19,2,1716.68,5,2,3,10,0.0,0.0,0.0,0.42000000000000004,15,0,0,,0
CUST00129,Loyal Customers,83,3,3369.08,3,3,4,10,2.0,0.0,0.3333333333333333,0.3133333333333333,7,2,0,,0
CUST00130,Discount Sensitive,88,1,1272.47,2,1,2,5,0.0,0.0,0.0,0.48,9,12,0,Gold,0
CUST00131,Loyal Customers,67,6,6830.01,3,5,5,13,0.0,0.0,0.0,0.29,4,14,0,,1
CUST00132,At Risk,117,5,4876.780000000001,2,4,5,11,0.0,0.0,0.0,0.346,1,24,0,,1
CUST00133,Loyal Customers,54,8,5982.58,3,5,5,13,1.0,1.0,0.0,0.3,5,12,1,,0
CUST00134,Champions,35,5,4075.34,4,4,5,13,3.0,0.6666666666666666,0.2,0.292,11,4,0,,0
CUST00135,At Risk,333,4,2534.18,1,4,3,8,0.0,0.0,0.0,0.29000000000000004,3,60,1,,1
CUST00136,Needs Nurturing,71,1,514.9,3,1,1,5,0.0,0.0,0.0,0.3,7,15,0,Gold,1
CUST00137,At Risk,177,2,1035.87,1,2,2,5,0.0,0.0,0.0,0.315,4,31,0,Silver,1
CUST00138,Discount Sensitive,61,1,905.11,3,1,2,6,0.0,0.0,0.0,0.46,5,24,1,,0
CUST00139,Needs Nurturing,28,2,1715.4,4,2,3,9,2.0,1.0,0.0,0.295,5,10,0,,0
CUST00140,Champions,6,4,3768.34,5,4,4,13,2.0,1.0,0.0,0.28250000000000003,14,12,0,,0
CUST00141,New Customers,28,1,647.85,4,1,1,6,0.0,0.0,0.0,0.23,4,0,1,,0
CUST00142,At Risk,169,5,1880.0,1,4,3,8,0.0,0.0,0.0,0.4,2,41,0,,1
CUST00143,Champions,32,6,7407.96,4,5,5,14,0.0,0.0,0.0,0.17333333333333334,5,9,1,Silver,0
CUST00144,High-Value but Unhappy,86,9,6186.54,2,5,5,12,3.0,0.6666666666666666,0.1111111111111111,0.31555555555555553,8,17,2,Gold,0
CUST00145,New Customers,30,1,502.35,4,1,1,6,0.0,0.0,0.0,0.11,0,0,0,,1
CUST00146,High-Value but Unhappy,108,5,5942.68,2,4,5,11,1.0,1.0,0.2,0.188,4,30,1,Silver,0
CUST00147,Loyal Customers,84,3,2809.3199999999997,3,3,4,10,1.0,0.0,0.0,0.18333333333333335,1,29,0,Platinum,0
CUST00148,Champions,4,4,3013.01,5,4,4,13,1.0,1.0,0.0,0.23249999999999998,5,8,1,,0
CUST00149,New Customers,8,1,787.94,5,1,2,8,0.0,0.0,0.0,0.2,8,0,0,,0
CUST00150,Needs Nurturing,45,3,1355.63,4,3,2,9,0.0,0.0,0.0,0.39666666666666667,6,7,2,,0
CUST00151,Loyal Customers,62,7,5530.69,3,5,5,13,3.0,1.0,0.0,0.30428571428571427,7,4,0,,0
CUST00152,Champions,46,7,4989.280000000001,4,5,5,14,4.0,1.0,0.14285714285714285,0.3742857142857143,19,7,3,Silver,0
CUST00153,New Customers,3,1,977.12,5,1,2,8,0.0,0.0,0.0,0.37,6,0,0,Gold,0
CUST00154,Champions,10,8,7145.24,5,5,5,15,0.0,0.0,0.0,0.23375,8,2,0,Gold,0
CUST00155,Loyal Customers,2,3,2024.8,5,3,3,11,0.0,0.0,0.0,0.39666666666666667,6,11,0,,0
CUST00156,High-Value but Unhappy,34,2,4241.75,4,2,5,11,1.0,0.0,0.5,0.14500000000000002,14,0,0,,0
CUST00157,Loyal Customers,0,5,2269.91,5,4,3,12,1.0,1.0,0.0,0.238,3,5,1,,1
CUST00158,At Risk,155,1,812.34,1,1,2,4,0.0,0.0,0.0,0.25,8,32,1,,1
CUST00159,At Risk,474,2,3713.77,1,2,4,7,0.0,0.0,0.0,0.27,0,60,0,Silver,1
CUST00160,At Risk,177,2,1064.66,1,2,2,5,1.0,1.0,0.0,0.28500000000000003,4,37,0,,1
CUST00161,Champions,20,4,4490.9,5,4,5,14,0.0,0.0,0.0,0.2625,7,0,1,Silver,0
CUST00162,At Risk,91,2,1194.5900000000001,2,2,2,6,0.0,0.0,0.0,0.29000000000000004,2,28,0,Gold,1
CUST00163,Needs Nurturing,70,1,275.41,3,1,1,5,0.0,0.0,0.0,0.37,3,19,2,Silver,0
CUST00164,High-Value but Unhappy,222,5,4657.03,1,4,5,10,1.0,1.0,0.0,0.24,1,57,0,Platinum,1
CUST00165,At Risk,103,3,1825.77,2,3,3,8,0.0,0.0,0.0,0.31,2,15,0,Gold,0
CUST00166,New Customers,15,1,1269.41,5,1,2,8,1.0,0.0,0.0,0.37,1,7,0,Silver,0
CUST00167,Dormant,219,1,423.24,1,1,1,3,0.0,0.0,0.0,0.24,0,31,1,,1
CUST00168,Loyal Customers,85,4,4159.16,3,4,5,12,0.0,0.0,0.0,0.1625,2,29,0,Platinum,0
CUST00169,At Risk,222,1,1799.45,1,1,3,5,0.0,0.0,0.0,0.12,1,45,0,Gold,1
CUST00170,Champions,9,10,6759.48,5,5,5,15,1.0,1.0,0.0,0.27,5,0,0,,0
CUST00171,New Customers,12,1,1077.78,5,1,2,8,0.0,0.0,0.0,0.38,9,3,0,,0
CUST00172,Champions,8,7,4910.65,5,5,5,15,3.0,0.6666666666666666,0.0,0.36428571428571427,5,0,2,Silver,0
CUST00173,Needs Nurturing,79,5,1431.69,3,4,2,9,1.0,1.0,0.0,0.384,10,2,0,,0
CUST00174,At Risk,86,6,2361.28,2,5,3,10,2.0,0.5,0.16666666666666666,0.31166666666666665,14,24,0,Gold,0
CUST00175,Loyal Customers,59,4,3568.3199999999997,3,4,4,11,1.0,1.0,0.0,0.225,5,14,0,,1
CUST00176,Loyal Customers,37,3,3830.31,4,3,4,11,0.0,0.0,0.0,0.3433333333333333,12,17,0,,0
CUST00177,Discount Sensitive,82,2,1003.66,3,2,2,7,0.0,0.0,0.0,0.45999999999999996,12,28,0,,0
CUST00178,Champions,5,8,5602.76,5,5,5,15,4.0,1.0,0.25,0.27625,10,0,0,,0
CUST00179,Loyal Customers,38,3,1585.62,4,3,3,10,2.0,0.5,0.0,0.44333333333333336,11,21,2,Silver,0
CUST00180,At Risk,96,2,1570.85,2,2,3,7,1.0,1.0,0.5,0.26,9,18,0,,1
CUST00181,New Customers,6,1,1107.73,5,1,2,8,0.0,0.0,0.0,0.0,7,0,1,Silver,0
CUST00182,New Customers,31,1,305.3,4,1,1,6,0.0,0.0,0.0,0.31,12,0,0,,0
CUST00183,High-Value but Unhappy,152,3,3246.8900000000003,1,3,4,8,1.0,1.0,0.0,0.25,1,26,1,,1
CUST00184,Champions,14,5,5072.85,5,4,5,14,2.0,0.5,0.0,0.27199999999999996,6,6,0,Platinum,1
CUST00185,At Risk,114,7,4179.18,2,5,5,12,0.0,0.0,0.0,0.33428571428571424,11,27,1,,0
CUST00186,New Customers,41,1,714.65,4,1,1,6,1.0,1.0,0.0,0.33,2,5,0,Platinum,0
CUST00187,Discount Sensitive,149,3,1344.75,1,3,2,6,1.0,1.0,0.0,0.5099999999999999,0,17,1,,0
CUST00188,Champions,29,7,5810.17,4,5,5,14,3.0,1.0,0.14285714285714285,0.3085714285714286,11,5,0,Gold,1
CUST00189,High-Value but Unhappy,140,9,5900.65,2,5,5,12,3.0,0.6666666666666666,0.1111111111111111,0.23333333333333334,10,27,0,,0
CUST00190,New Customers,6,1,482.88,5,1,1,7,1.0,1.0,0.0,0.13,6,5,0,,0
CUST00191,New Customers,28,1,149.0,4,1,1,6,0.0,0.0,0.0,0.34,6,11,0,Silver,0
CUST00192,Needs Nurturing,55,3,2263.95,3,3,3,9,0.0,0.0,0.0,0.28,8,30,1,,0
CUST00193,Dormant,157,1,424.74,1,1,1,3,0.0,0.0,0.0,0.21,3,30,2,,1
CUST00194,Loyal Customers,80,5,3878.09,3,4,4,11,3.0,1.0,0.4,0.36,13,3,3,,0
CUST00195,New Customers,23,1,654.27,4,1,1,6,1.0,1.0,0.0,0.17,5,0,0,,0
CUST00196,Needs Nurturing,24,2,1272.38,4,2,2,8,1.0,1.0,0.0,0.28,1,12,0,,1
CUST00197,Champions,15,9,8552.59,5,5,5,15,3.0,1.0,0.0,0.30444444444444446,11,10,0,Silver,0
CUST00198,Champions,37,9,7595.96,4,5,5,14,2.0,1.0,0.0,0.28444444444444444,1,6,1,Silver,0
CUST00199,Champions,6,4,3273.56,5,4,4,13,1.0,1.0,0.0,0.22749999999999998,3,0,0,Silver,0
CUST00200,Champions,15,6,6239.45,5,5,5,15,1.0,1.0,0.0,0.17166666666666666,7,2,4,Gold,0
CUST00201,High-Value but Unhappy,93,7,6691.56,2,5,5,12,2.0,0.5,0.0,0.23857142857142857,3,12,0,,1
CUST00202,At Risk,141,1,1220.26,2,1,2,5,0.0,0.0,0.0,0.33,9,40,1,,0
CUST00203,At Risk,114,2,743.3499999999999,2,2,1,5,0.0,0.0,0.0,0.39,6,28,0,,1
CUST00204,Champions,42,5,2706.75,4,4,4,12,0.0,0.0,0.0,0.284,17,4,0,Platinum,0
CUST00205,Champions,30,5,3202.69,4,4,4,12,0.0,0.0,0.0,0.23399999999999999,13,0,0,,0
CUST00206,High-Value but Unhappy,118,10,6479.7,2,5,5,12,3.0,1.0,0.1,0.265,7,38,2,Gold,1
CUST00207,Discount Sensitive,18,1,193.1,5,1,1,7,0.0,0.0,0.0,0.62,11,7,2,,1
CUST00208,High-Value but Unhappy,91,6,6865.35,2,5,5,12,1.0,1.0,0.0,0.20000000000000004,2,24,1,,1
CUST00209,High-Value but Unhappy,279,5,3422.88,1,4,4,9,1.0,1.0,0.2,0.192,3,46,0,,1
CUST00210,At Risk,128,2,1254.8700000000001,2,2,2,6,0.0,0.0,0.0,0.27,3,38,0,,1
CUST00211,At Risk,90,5,27215.920000000002,2,4,5,11,1.0,1.0,0.0,0.324,4,9,0,,0
CUST00212,At Risk,204,3,2071.6800000000003,1,3,3,7,0.0,0.0,0.0,0.32666666666666666,3,45,1,,1
CUST00213,At Risk,86,2,1680.61,2,2,3,7,2.0,1.0,1.0,0.2,2,15,0,,1
CUST00214,Needs Nurturing,64,1,1427.16,3,1,2,6,0.0,0.0,0.0,0.22,3,14,0,,1
CUST00215,Loyal Customers,34,3,1564.1,4,3,3,10,1.0,1.0,0.0,0.19666666666666666,8,15,2,Silver,1
CUST00216,New Customers,48,1,1349.42,3,1,2,6,1.0,1.0,1.0,0.27,7,16,0,Silver,1
CUST00217,Needs Nurturing,79,3,1179.94,3,3,2,8,0.0,0.0,0.0,0.35333333333333333,2,13,0,Silver,1
CUST00218,Needs Nurturing,23,2,1492.68,4,2,2,8,0.0,0.0,0.0,0.13,1,5,0,,0
CUST00219,High-Value but Unhappy,154,6,2782.79,1,5,4,10,1.0,1.0,0.0,0.36166666666666664,3,30,1,Silver,1
CUST00220,Needs Nurturing,25,3,1450.4099999999999,4,3,2,9,1.0,0.0,0.0,0.21666666666666667,14,10,2,,0
CUST00221,Needs Nurturing,7,2,781.03,5,2,2,9,0.0,0.0,0.0,0.345,16,2,2,,0
CUST00222,Discount Sensitive,186,2,1259.5,1,2,2,5,1.0,1.0,0.0,0.45,1,22,0,,1
CUST00223,Discount Sensitive,103,1,757.58,2,1,1,4,1.0,1.0,0.0,0.53,1,20,0,Silver,1
CUST00224,At Risk,89,2,1839.95,2,2,3,7,1.0,1.0,0.5,0.32,1,13,1,,0
CUST00225,At Risk,88,3,3012.6,2,3,4,9,0.0,0.0,0.0,0.32,3,19,0,Silver,1
CUST00226,Needs Nurturing,54,3,2345.42,3,3,3,9,1.0,1.0,0.3333333333333333,0.15666666666666668,6,34,0,Silver,0
CUST00227,High-Value but Unhappy,153,6,4383.02,1,5,5,11,2.0,1.0,0.16666666666666666,0.2816666666666667,0,29,0,Silver,1
CUST00228,Loyal Customers,82,7,4150.72,3,5,5,13,2.0,1.0,0.14285714285714285,0.33428571428571424,6,11,2,Silver,1
CUST00229,At Risk,92,5,3077.41,2,4,4,10,1.0,0.0,0.0,0.304,8,8,0,Silver,1
CUST00230,Champions,37,8,7503.74,4,5,5,14,2.0,0.0,0.0,0.2175,17,14,1,,0
CUST00231,Loyal Customers,23,3,1558.41,4,3,3,10,0.0,0.0,0.0,0.19333333333333333,6,0,0,,0
CUST00232,New Customers,55,1,786.26,3,1,2,6,0.0,0.0,0.0,0.33,2,1,0,,0
CUST00233,At Risk,361,3,1626.9899999999998,1,3,3,7,0.0,0.0,0.0,0.2866666666666667,5,60,1,,1
CUST00234,Loyal Customers,17,4,2458.9700000000003,5,4,3,12,0.0,0.0,0.0,0.195,6,0,0,,0
CUST00235,At Risk,125,4,2278.82,2,4,3,9,0.0,0.0,0.0,0.225,2,29,0,,0
CUST00236,Needs Nurturing,62,1,782.89,3,1,2,6,1.0,0.0,0.0,0.37,8,8,0,,0
CUST00237,Champions,15,4,3607.29,5,4,4,13,0.0,0.0,0.0,0.2525,8,0,1,Platinum,0
CUST00238,Needs Nurturing,78,2,2181.78,3,2,3,8,2.0,0.5,0.0,0.185,1,8,0,,0
CUST00239,Discount Sensitive,320,1,208.1,1,1,1,3,0.0,0.0,0.0,0.51,4,60,0,Silver,1
CUST00240,Needs Nurturing,56,2,2277.31,3,2,3,8,1.0,1.0,0.0,0.18,4,16,0,Silver,0
CUST00241,Loyal Customers,6,3,3041.48,5,3,4,12,0.0,0.0,0.0,0.38999999999999996,12,0,1,,0
CUST00242,Loyal Customers,82,6,3655.25,3,5,4,12,0.0,0.0,0.0,0.29833333333333334,11,5,5,,0
CUST00243,Loyal Customers,69,4,3129.06,3,4,4,11,1.0,0.0,0.25,0.395,3,22,0,Gold,1
CUST00244,At Risk,144,2,2449.86,2,2,3,7,0.0,0.0,0.0,0.22499999999999998,1,23,0,,1
CUST00245,Needs Nurturing,73,2,1245.78,3,2,2,7,0.0,0.0,0.0,0.36,6,16,4,Platinum,0
CUST00246,Needs Nurturing,52,3,1985.72,3,3,3,9,1.0,1.0,0.0,0.25,6,13,1,Silver,0
CUST00247,Loyal Customers,57,11,5611.35,3,5,5,13,3.0,1.0,0.0,0.41363636363636364,5,14,2,,1
CUST00248,Loyal Customers,71,7,4187.5599999999995,3,5,5,13,0.0,0.0,0.0,0.3171428571428571,2,15,0,,0
CUST00249,At Risk,162,3,1761.46,1,3,3,7,0.0,0.0,0.0,0.4066666666666667,5,31,1,Silver,1
CUST00250,New Customers,35,1,837.19,4,1,2,7,0.0,0.0,0.0,0.3,6,2,0,Silver,0
CUST00251,New Customers,41,1,966.73,4,1,2,7,1.0,1.0,1.0,0.37,14,9,0,,1
CUST00252,At Risk,190,6,5194.02,1,5,5,11,0.0,0.0,0.0,0.3216666666666667,4,23,2,Silver,1
CUST00253,At Risk,191,3,1901.1299999999999,1,3,3,7,0.0,0.0,0.0,0.19999999999999998,3,34,1,Platinum,1
CUST00254,At Risk,183,4,3041.57,1,4,4,9,0.0,0.0,0.0,0.33999999999999997,4,26,1,,1
CUST00255,Champions,22,6,4806.29,4,5,5,14,2.0,1.0,0.16666666666666666,0.19833333333333333,10,19,1,,0
CUST00256,At Risk,181,2,1727.8400000000001,1,2,3,6,1.0,0.0,0.0,0.105,1,34,0,,1
CUST00257,Needs Nurturing,55,2,1042.47,3,2,2,7,0.0,0.0,0.0,0.3,7,19,0,,0
CUST00258,Champions,42,10,6259.64,4,5,5,14,1.0,1.0,0.0,0.27199999999999996,7,7,0,,0
CUST00259,At Risk,192,1,1519.33,1,1,2,4,0.0,0.0,0.0,0.32,0,31,0,,1
CUST00260,Needs Nurturing,2,2,1820.81,5,2,3,10,0.0,0.0,0.0,0.395,7,7,0,,0
CUST00261,New Customers,51,1,350.44,3,1,1,5,0.0,0.0,0.0,0.44,0,0,0,,0
CUST00262,Needs Nurturing,9,2,1318.44,5,2,2,9,0.0,0.0,0.0,0.12,5,9,0,Silver,0
CUST00263,Champions,25,12,7940.0,4,5,5,14,6.0,1.0,0.25,0.3475,15,11,2,Platinum,0
CUST00264,Needs Nurturing,31,2,671.0999999999999,4,2,1,7,1.0,1.0,0.0,0.31,7,0,1,Silver,1
CUST00265,Needs Nurturing,77,1,510.24,3,1,1,5,0.0,0.0,0.0,0.38,7,28,0,Gold,0
CUST00266,High-Value but Unhappy,158,4,5306.62,1,4,5,10,2.0,1.0,0.25,0.255,1,22,0,,1
CUST00267,Champions,29,4,4026.2300000000005,4,4,5,13,2.0,1.0,0.25,0.25,8,11,0,,1
CUST00268,Loyal Customers,9,3,2097.02,5,3,3,11,1.0,1.0,0.0,0.4166666666666667,6,8,1,,0
CUST00269,Loyal Customers,30,3,2563.9300000000003,4,3,4,11,1.0,1.0,0.0,0.33,11,10,1,,0
CUST00270,Needs Nurturing,75,2,968.72,3,2,2,7,0.0,0.0,0.0,0.24000000000000002,8,7,2,Silver,0
CUST00271,Champions,32,4,3933.98,4,4,4,12,0.0,0.0,0.0,0.20750000000000002,1,0,0,,0
CUST00272,Champions,12,13,13721.27,5,5,5,15,0.0,0.0,0.0,0.22307692307692306,7,1,0,Gold,0
CUST00273,Champions,13,8,6009.55,5,5,5,15,4.0,1.0,0.125,0.1925,7,1,1,,0
CUST00274,Needs Nurturing,71,1,695.0,3,1,1,5,0.0,0.0,0.0,0.36,1,2,0,,0
CUST00275,At Risk,241,6,3879.21,1,5,4,10,1.0,0.0,0.0,0.22,5,51,1,Silver,1
CUST00276,Loyal Customers,47,6,8721.42,3,5,5,13,0.0,0.0,0.0,0.22,9,14,1,Silver,0
CUST00277,Loyal Customers,2,3,1630.27,5,3,3,11,0.0,0.0,0.0,0.24666666666666667,2,12,0,Silver,0
CUST00278,Loyal Customers,69,4,2768.06,3,4,4,11,2.0,0.5,0.0,0.265,7,22,0,,1
CUST00279,Champions,12,8,5366.55,5,5,5,15,1.0,1.0,0.0,0.34875,9,0,2,,0
CUST00280,Champions,10,8,7231.759999999999,5,5,5,15,0.0,0.0,0.0,0.26875,6,4,0,,0
CUST00281,Needs Nurturing,35,2,1161.06,4,2,2,8,0.0,0.0,0.0,0.335,3,9,0,,1
CUST00282,At Risk,296,2,774.76,1,2,2,5,1.0,0.0,0.0,0.33999999999999997,1,60,0,,1
CUST00283,Champions,18,10,7871.0,5,5,5,15,4.0,0.75,0.2,0.327,8,6,0,Silver,0
CUST00284,At Risk,291,2,781.62,1,2,2,5,0.0,0.0,0.0,0.345,1,60,1,Silver,1
CUST00285,Loyal Customers,13,4,2158.18,5,4,3,12,0.0,0.0,0.0,0.3175,10,16,0,,0
CUST00286,At Risk,369,2,2027.25,1,2,3,6,1.0,1.0,0.0,0.395,1,60,1,Silver,1
CUST00287,Loyal Customers,69,6,6236.95,3,5,5,13,1.0,0.0,0.0,0.2866666666666667,8,15,1,Silver,0
CUST00288,At Risk,110,2,1096.1,2,2,2,6,1.0,1.0,0.0,0.255,1,20,0,,1
CUST00289,Needs Nurturing,5,2,811.06,5,2,2,9,0.0,0.0,0.0,0.36,5,0,0,,0
CUST00290,New Customers,9,1,251.16,5,1,1,7,1.0,1.0,0.0,0.34,6,1,0,Silver,0
CUST00291,Loyal Customers,58,9,5604.34,3,5,5,13,3.0,1.0,0.2222222222222222,0.33555555555555555,4,23,1,Gold,1
CUST00292,New Customers,43,1,657.91,4,1,1,6,1.0,0.0,1.0,0.08,6,0,2,,0
CUST00293,At Risk,230,3,1699.71,1,3,3,7,0.0,0.0,0.0,0.3233333333333333,3,59,0,Gold,1
CUST00294,At Risk,102,1,1714.42,2,1,3,6,0.0,0.0,0.0,0.12,15,35,6,Platinum,0
CUST00295,Needs Nurturing,16,2,2000.29,5,2,3,10,0.0,0.0,0.0,0.53,2,5,0,,0
CUST00296,At Risk,132,4,1989.83,2,4,3,9,0.0,0.0,0.0,0.195,2,30,0,Gold,1
CUST00297,At Risk,154,1,1130.29,1,1,2,4,1.0,1.0,0.0,0.16,13,30,2,Platinum,1
CUST00298,At Risk,201,1,1122.99,1,1,2,4,0.0,0.0,0.0,0.2,6,50,2,,1
CUST00299,At Risk,343,4,2302.1800000000003,1,4,3,8,2.0,1.0,0.25,0.4175,0,60,0,,1
CUST00300,Loyal Customers,5,4,2276.6099999999997,5,4,3,12,0.0,0.0,0.0,0.3725,5,1,0,Platinum,0
CUST00301,Champions,9,7,7023.07,5,5,5,15,3.0,1.0,0.0,0.18285714285714286,7,13,0,Gold,0
CUST00302,At Risk,148,4,2534.0,1,4,3,8,3.0,1.0,0.25,0.3975,4,27,2,Silver,1
CUST00303,Loyal Customers,48,5,3674.2,3,4,4,11,2.0,1.0,0.2,0.21200000000000002,6,12,1,,0
CUST00304,High-Value but Unhappy,87,3,2837.27,2,3,4,9,1.0,1.0,0.0,0.23666666666666666,4,5,3,,1
CUST00305,Dormant,166,1,531.59,1,1,1,3,0.0,0.0,0.0,0.19,6,33,0,Silver,1
CUST00306,Champions,19,5,3658.35,5,4,4,13,2.0,0.5,0.2,0.21000000000000002,2,0,2,,0
CUST00307,Loyal Customers,32,3,2114.17,4,3,3,10,1.0,1.0,0.3333333333333333,0.42333333333333334,0,13,0,Gold,1
CUST00308,Needs Nurturing,66,2,1535.15,3,2,2,7,0.0,0.0,0.0,0.26,7,27,1,Platinum,0
CUST00309,Loyal Customers,8,3,2731.6099999999997,5,3,4,12,0.0,0.0,0.0,0.3666666666666667,13,12,1,,1
CUST00310,New Customers,22,1,578.27,4,1,1,6,1.0,1.0,1.0,0.2,5,8,0,,0
CUST00311,New Customers,48,1,1336.82,3,1,2,6,0.0,0.0,0.0,0.1,4,0,0,Silver,1
CUST00312,Needs Nurturing,64,1,486.27,3,1,1,5,0.0,0.0,0.0,0.2,9,7,0,,1
CUST00313,Dormant,162,1,769.77,1,1,1,3,1.0,1.0,0.0,0.33,16,37,0,,1
CUST00314,New Customers,16,1,560.98,5,1,1,7,0.0,0.0,0.0,0.29,0,14,0,,1
CUST00315,Champions,17,10,10137.960000000001,5,5,5,15,2.0,1.0,0.0,0.337,11,0,4,Platinum,0
CUST00316,At Risk,97,2,1079.82,2,2,2,6,1.0,0.0,0.5,0.32,1,30,2,Silver,1
CUST00317,At Risk,100,1,1353.24,2,1,2,5,0.0,0.0,0.0,0.19,8,25,0,,1
CUST00318,Loyal Customers,47,5,5959.01,3,4,5,12,1.0,0.0,0.0,0.244,2,8,0,Silver,0
CUST00319,At Risk,147,6,2585.4700000000003,2,5,4,11,0.0,0.0,0.0,0.32666666666666666,0,29,0,Silver,1
CUST00320,Champions,25,7,5001.34,4,5,5,14,1.0,1.0,0.0,0.32285714285714284,10,19,1,,0
CUST00321,High-Value but Unhappy,116,6,3100.54,2,5,4,11,2.0,1.0,0.0,0.3133333333333333,1,20,2,Silver,1
CUST00322,Champions,4,5,3351.86,5,4,4,13,0.0,0.0,0.0,0.384,5,2,0,Silver,0
CUST00323,Champions,5,8,7225.06,5,5,5,15,0.0,0.0,0.0,0.32875,6,9,0,Gold,0
CUST00324,High-Value but Unhappy,274,4,6039.5599999999995,1,4,5,10,2.0,1.0,0.25,0.1925,0,60,0,,1
CUST00325,Loyal Customers,44,3,3542.89,4,3,4,11,0.0,0.0,0.0,0.24,6,7,1,,0
CUST00326,At Risk,124,3,1868.65,2,3,3,8,1.0,0.0,0.0,0.23666666666666666,7,26,3,Platinum,1
CUST00327,Loyal Customers,2,3,1087.67,5,3,2,10,0.0,0.0,0.0,0.3133333333333333,7,14,1,Gold,1
CUST00328,Dormant,322,1,371.68,1,1,1,3,0.0,0.0,0.0,0.32,2,60,0,,1
CUST00329,New Customers,1,1,299.28,5,1,1,7,0.0,0.0,0.0,0.06,1,0,0,Gold,0
CUST00330,Needs Nurturing,74,3,1307.8000000000002,3,3,2,8,1.0,0.0,0.0,0.33,1,12,0,Gold,0
CUST00331,High-Value but Unhappy,151,5,3450.66,1,4,4,9,2.0,1.0,0.2,0.422,1,27,0,Silver,1
CUST00332,Needs Nurturing,24,2,2059.8,4,2,3,9,2.0,1.0,0.5,0.375,0,6,0,Silver,0
CUST00333,Needs Nurturing,75,1,870.15,3,1,2,6,0.0,0.0,0.0,0.07,3,21,0,,0
CUST00334,Needs Nurturing,85,3,2170.31,3,3,3,9,1.0,1.0,0.3333333333333333,0.35666666666666663,2,29,0,Silver,1
CUST00335,At Risk,148,3,2480.1,1,3,3,7,2.0,1.0,0.0,0.38999999999999996,7,22,1,,0
CUST00336,Loyal Customers,29,4,1900.82,4,4,3,11,0.0,0.0,0.0,0.2225,5,2,0,,0
CUST00337,Needs Nurturing,7,2,1887.73,5,2,3,10,1.0,0.0,0.0,0.385,2,9,0,,1
CUST00338,New Customers,12,1,887.38,5,1,2,8,1.0,1.0,1.0,0.27,6,8,0,,0
CUST00339,High-Value but Unhappy,92,4,2671.88,2,4,4,10,1.0,1.0,0.25,0.3125,13,12,0,Silver,0
CUST00340,Champions,46,8,5565.53,4,5,5,14,1.0,1.0,0.125,0.17875,8,10,1,Gold,0
CUST00341,Discount Sensitive,19,1,790.16,5,1,2,8,0.0,0.0,0.0,0.46,11,5,0,,0
CUST00342,Loyal Customers,1,3,2620.58,5,3,4,12,1.0,1.0,0.0,0.4166666666666667,9,4,0,Gold,0
CUST00343,At Risk,94,5,2489.52,2,4,3,9,0.0,0.0,0.0,0.248,7,20,1,,0
CUST00344,High-Value but Unhappy,189,5,4461.57,1,4,5,10,4.0,1.0,0.0,0.17200000000000001,5,41,0,Silver,0
CUST00345,Champions,3,5,5510.36,5,4,5,14,1.0,1.0,0.0,0.154,15,0,0,Silver,0
CUST00346,Loyal Customers,72,11,10011.3,3,5,5,13,2.0,1.0,0.18181818181818182,0.25363636363636366,13,7,1,,0
CUST00347,At Risk,184,4,3311.46,1,4,4,9,1.0,0.0,0.0,0.3825,8,45,1,,1
CUST00348,Loyal Customers,1,3,2509.74,5,3,3,11,0.0,0.0,0.0,0.25666666666666665,14,4,2,Silver,0
CUST00349,Loyal Customers,74,4,3794.38,3,4,4,11,0.0,0.0,0.0,0.2475,2,18,0,Silver,0
CUST00350,New Customers,41,1,537.51,4,1,1,6,0.0,0.0,0.0,0.12,18,0,0,,0
CUST00351,Champions,9,7,7447.2,5,5,5,15,3.0,1.0,0.14285714285714285,0.21,4,1,0,Silver,0
CUST00352,New Customers,27,1,1000.77,4,1,2,7,0.0,0.0,0.0,0.12,13,16,1,Silver,0
CUST00353,At Risk,118,4,1755.1200000000001,2,4,3,9,1.0,1.0,0.0,0.25,4,27,1,,1
CUST00354,Champions,36,5,2894.64,4,4,4,12,1.0,1.0,0.0,0.22199999999999998,4,16,1,,0
CUST00355,High-Value but Unhappy,171,4,3405.2,1,4,4,9,2.0,1.0,0.0,0.1175,4,32,2,Gold,1
CUST00356,Loyal Customers,7,5,2474.34,5,4,3,12,2.0,1.0,0.0,0.242,10,7,1,,0
CUST00357,New Customers,42,1,513.15,4,1,1,6,1.0,1.0,0.0,0.29,9,2,1,Silver,1
CUST00358,At Risk,101,2,1523.3600000000001,2,2,2,6,1.0,1.0,0.0,0.33499999999999996,4,1,0,,1
CUST00359,Champions,3,8,6332.549999999999,5,5,5,15,0.0,0.0,0.0,0.25,0,0,0,,0
CUST00360,Champions,2,6,8052.9800000000005,5,5,5,15,0.0,0.0,0.0,0.165,1,0,0,,0
CUST00361,Dormant,169,1,361.04,1,1,1,3,1.0,1.0,1.0,0.12,3,20,1,,1
CUST00362,Loyal Customers,23,4,2137.19,4,4,3,11,1.0,1.0,0.0,0.31,12,7,0,Gold,0
CUST00363,New Customers,27,1,413.99,4,1,1,6,1.0,1.0,0.0,0.32,2,5,0,,0
CUST00364,At Risk,359,3,2049.88,1,3,3,7,2.0,0.5,0.0,0.24666666666666667,0,60,0,,1
CUST00365,At Risk,158,1,1015.06,1,1,2,4,0.0,0.0,0.0,0.21,7,21,0,,1
CUST00366,High-Value but Unhappy,92,4,5279.17,2,4,5,11,1.0,1.0,0.0,0.185,2,26,0,,0
CUST00367,At Risk,212,1,884.81,1,1,2,4,0.0,0.0,0.0,0.14,1,33,1,Silver,1
CUST00368,New Customers,55,1,348.81,3,1,1,5,1.0,1.0,1.0,0.25,7,12,0,,1
CUST00369,Needs Nurturing,71,3,2263.62,3,3,3,9,0.0,0.0,0.0,0.25333333333333335,7,0,1,,1
CUST00370,Dormant,172,1,452.14,1,1,1,3,0.0,0.0,0.0,0.42,8,29,1,Platinum,1
CUST00371,At Risk,124,3,2631.54,2,3,4,9,1.0,0.0,0.0,0.16666666666666666,4,10,0,,1
CUST00372,New Customers,56,1,431.11,3,1,1,5,1.0,0.0,0.0,0.38,2,18,0,,0
CUST00373,Needs Nurturing,73,2,1612.8899999999999,3,2,3,8,0.0,0.0,0.0,0.3,9,20,1,Silver,1
CUST00374,At Risk,219,2,795.8299999999999,1,2,2,5,1.0,1.0,0.0,0.345,0,44,3,,1
CUST00375,Loyal Customers,85,6,3564.29,3,5,4,12,1.0,1.0,0.0,0.32833333333333337,2,17,0,,1
CUST00376,Champions,45,8,5532.45,4,5,5,14,0.0,0.0,0.0,0.2675,5,12,0,,1
CUST00377,Loyal Customers,80,4,2214.32,3,4,3,10,0.0,0.0,0.0,0.2625,10,16,0,,1
CUST00378,At Risk,99,1,1622.32,2,1,3,6,0.0,0.0,0.0,0.29,4,1,0,,1
CUST00379,Needs Nurturing,75,2,1029.97,3,2,2,7,0.0,0.0,0.0,0.16,2,4,0,,1
CUST00380,Champions,39,6,3460.9,4,5,4,13,1.0,1.0,0.0,0.4033333333333333,8,0,0,Silver,0
CUST00381,Dormant,182,1,597.86,1,1,1,3,1.0,1.0,0.0,0.28,2,32,0,Gold,1
CUST00382,Needs Nurturing,45,2,766.55,4,2,1,7,0.0,0.0,0.0,0.105,6,7,0,Gold,0
CUST00383,Champions,8,6,4050.1099999999997,5,5,5,15,3.0,1.0,0.16666666666666666,0.20000000000000004,14,1,1,Gold,0
CUST00384,New Customers,26,1,470.31,4,1,1,6,0.0,0.0,0.0,0.22,0,0,0,,0
CUST00385,Loyal Customers,63,7,5606.02,3,5,5,13,3.0,0.6666666666666666,0.0,0.29714285714285715,6,25,1,Silver,0
CUST00386,Champions,0,6,4989.88,5,5,5,15,1.0,1.0,0.0,0.24166666666666667,13,1,2,,0
CUST00387,New Customers,40,1,721.21,4,1,1,6,0.0,0.0,0.0,0.31,1,2,0,Silver,0
CUST00388,Champions,37,5,2574.36,4,4,4,12,1.0,1.0,0.0,0.328,6,0,3,Silver,1
CUST00389,Champions,14,9,6570.38,5,5,5,15,3.0,0.6666666666666666,0.0,0.29888888888888887,11,14,2,,0
CUST00390,Needs Nurturing,54,2,1639.4299999999998,3,2,3,8,1.0,1.0,0.0,0.35,4,5,1,Silver,1
CUST00391,Loyal Customers,1,3,2830.86,5,3,4,12,0.0,0.0,0.0,0.23666666666666666,4,0,0,Silver,0
CUST00392,At Risk,133,7,5290.95,2,5,5,12,0.0,0.0,0.0,0.2785714285714286,4,34,1,Silver,1
CUST00393,Needs Nurturing,12,2,2231.04,5,2,3,10,1.0,0.0,0.0,0.19,5,18,1,,0
CUST00394,New Customers,1,1,404.19,5,1,1,7,1.0,1.0,0.0,0.21,12,4,0,Gold,0
CUST00395,Needs Nurturing,35,3,1418.71,4,3,2,9,1.0,1.0,0.0,0.31666666666666665,12,13,0,Platinum,0
CUST00396,Champions,10,5,3031.7799999999997,5,4,4,13,1.0,1.0,0.0,0.21399999999999997,10,0,2,,0
CUST00397,Loyal Customers,79,11,9647.73,3,5,5,13,4.0,0.75,0.0,0.21545454545454545,3,22,2,,1
CUST00398,Champions,8,4,2823.02,5,4,4,13,1.0,1.0,0.0,0.28500000000000003,11,0,0,Gold,0
CUST00399,At Risk,262,4,2749.65,1,4,4,9,0.0,0.0,0.0,0.3025,3,45,0,Silver,1
CUST00400,Discount Sensitive,44,1,402.05,4,1,1,6,0.0,0.0,0.0,0.61,9,0,0,Gold,0
CUST00401,Needs Nurturing,66,1,568.99,3,1,1,5,1.0,1.0,0.0,0.19,2,12,0,Silver,0
CUST00402,At Risk,132,3,1410.06,2,3,2,7,1.0,1.0,0.0,0.36000000000000004,1,27,1,Gold,1
CUST00403,Needs Nurturing,21,2,2029.3200000000002,4,2,3,9,0.0,0.0,0.0,0.12,15,0,1,,0
CUST00404,High-Value but Unhappy,193,6,4631.52,1,5,5,11,2.0,1.0,0.0,0.20666666666666667,1,31,1,Gold,1
CUST00405,Discount Sensitive,2,1,282.03,5,1,1,7,1.0,1.0,1.0,0.5,4,5,0,,1
CUST00406,Loyal Customers,10,3,997.27,5,3,2,10,1.0,0.0,0.0,0.3433333333333333,10,5,0,,0
CUST00407,New Customers,18,1,1569.01,5,1,3,9,0.0,0.0,0.0,0.36,0,11,0,,0
CUST00408,Champions,40,7,4155.91,4,5,5,14,4.0,0.0,0.14285714285714285,0.23857142857142857,0,0,1,,0
CUST00409,Loyal Customers,58,7,4946.35,3,5,5,13,3.0,1.0,0.42857142857142855,0.2671428571428572,11,4,1,,1
CUST00410,Needs Nurturing,1,2,1365.22,5,2,2,9,1.0,0.0,0.0,0.22,16,0,0,Gold,0
CUST00411,At Risk,253,1,1756.76,1,1,3,5,0.0,0.0,0.0,0.16,1,54,0,,1
CUST00412,At Risk,529,1,1486.51,1,1,2,4,0.0,0.0,0.0,0.04,0,60,0,,1
CUST00413,Loyal Customers,26,3,1644.89,4,3,3,10,2.0,1.0,0.3333333333333333,0.45999999999999996,16,0,0,Platinum,0
CUST00414,New Customers,3,1,311.44,5,1,1,7,1.0,1.0,1.0,0.32,5,0,1,,1
CUST00415,At Risk,120,2,2282.07,2,2,3,7,1.0,0.0,0.0,0.255,1,11,2,,1
CUST00416,Needs Nurturing,28,2,1020.28,4,2,2,8,1.0,0.0,0.0,0.28500000000000003,4,11,0,Silver,0
CUST00417,At Risk,151,4,2750.0299999999997,1,4,4,9,0.0,0.0,0.0,0.2525,0,28,1,,1
CUST00418,Needs Nurturing,5,2,1919.75,5,2,3,10,1.0,1.0,0.0,0.13999999999999999,8,0,2,,0
CUST00419,At Risk,98,2,1795.1,2,2,3,7,0.0,0.0,0.0,0.30000000000000004,12,30,1,,1
CUST00420,Champions,18,4,4050.29,5,4,5,14,1.0,1.0,0.0,0.185,14,0,0,,0
CUST00421,Champions,0,7,5557.389999999999,5,5,5,15,2.0,0.5,0.14285714285714285,0.2928571428571428,4,0,0,,0
CUST00422,At Risk,125,2,1075.03,2,2,2,6,0.0,0.0,0.0,0.25,7,26,0,Platinum,1
CUST00423,At Risk,135,3,2349.76,2,3,3,8,0.0,0.0,0.0,0.21666666666666667,1,39,0,Silver,1
CUST00424,At Risk,113,2,1297.49,2,2,2,6,1.0,1.0,0.0,0.21000000000000002,5,33,1,,1
CUST00425,At Risk,113,2,1502.44,2,2,2,6,0.0,0.0,0.0,0.195,12,25,2,,0
CUST00426,Needs Nurturing,77,2,1478.25,3,2,2,7,0.0,0.0,0.0,0.175,8,18,0,,1
CUST00427,Needs Nurturing,1,2,331.53,5,2,1,8,1.0,1.0,0.5,0.41500000000000004,4,6,0,Silver,1
CUST00428,Loyal Customers,74,5,2817.05,3,4,4,11,1.0,1.0,0.0,0.31,1,10,0,,0
CUST00429,New Customers,6,1,432.48,5,1,1,7,1.0,1.0,0.0,0.26,13,9,2,Silver,0
CUST00430,Loyal Customers,22,3,2369.81,4,3,3,10,0.0,0.0,0.0,0.2833333333333333,0,0,0,Silver,0
CUST00431,At Risk,154,2,903.65,1,2,2,5,0.0,0.0,0.0,0.435,1,31,1,Gold,1
CUST00432,At Risk,112,4,5036.07,2,4,5,11,0.0,0.0,0.0,0.2425,9,18,0,,1
CUST00433,Champions,36,6,4884.34,4,5,5,14,4.0,0.5,0.0,0.295,10,6,0,Silver,0
CUST00434,At Risk,293,2,1034.35,1,2,2,5,0.0,0.0,0.0,0.25,2,47,1,,0
CUST00435,At Risk,200,3,1740.56,1,3,3,7,1.0,1.0,0.3333333333333333,0.27,1,48,1,Silver,1
CUST00436,Loyal Customers,49,4,2770.92,3,4,4,11,0.0,0.0,0.0,0.2,2,23,0,,0
CUST00437,Dormant,151,1,729.22,1,1,1,3,0.0,0.0,0.0,0.25,0,33,0,Silver,0
CUST00438,Needs Nurturing,64,3,2466.39,3,3,3,9,3.0,1.0,1.0,0.16,6,22,2,Platinum,1
CUST00439,At Risk,119,3,1981.34,2,3,3,8,1.0,1.0,0.3333333333333333,0.33666666666666667,7,18,0,Silver,1
CUST00440,Discount Sensitive,64,1,325.03,3,1,1,5,1.0,1.0,0.0,0.56,5,8,0,Silver,1
CUST00441,At Risk,211,1,786.67,1,1,2,4,1.0,0.0,0.0,0.24,1,33,0,Silver,1
CUST00442,Loyal Customers,69,8,4905.34,3,5,5,13,1.0,1.0,0.0,0.36,2,22,0,Gold,1
CUST00443,At Risk,265,3,1694.35,1,3,3,7,0.0,0.0,0.0,0.25,2,54,0,,1
CUST00444,Dormant,232,1,520.84,1,1,1,3,0.0,0.0,0.0,0.19,1,51,1,,1
CUST00445,New Customers,26,1,1594.8,4,1,3,8,0.0,0.0,0.0,0.43,4,5,1,Silver,0
CUST00446,New Customers,26,1,521.16,4,1,1,6,0.0,0.0,0.0,0.33,9,3,0,,1
CUST00447,Champions,36,7,3091.4,4,5,4,13,2.0,0.5,0.14285714285714285,0.3671428571428571,6,18,1,,0
CUST00448,High-Value but Unhappy,136,5,4291.91,2,4,5,11,3.0,0.6666666666666666,0.4,0.202,11,18,3,,1
CUST00449,At Risk,209,2,661.52,1,2,1,4,0.0,0.0,0.0,0.38,1,60,0,,1
CUST00450,New Customers,44,1,862.9,4,1,2,7,0.0,0.0,0.0,0.24,5,2,0,Silver,0
CUST00451,Champions,29,4,3636.0,4,4,4,12,2.0,0.5,0.25,0.1625,3,4,0,Silver,0
CUST00452,At Risk,256,6,1929.85,1,5,3,9,1.0,0.0,0.0,0.38999999999999996,2,53,0,,1
CUST00453,Champions,17,4,3032.93,5,4,4,13,1.0,1.0,0.0,0.28500000000000003,1,6,0,Silver,0
CUST00454,Champions,13,4,2655.42,5,4,4,13,2.0,0.0,0.0,0.1525,17,0,1,Platinum,0
CUST00455,At Risk,273,3,1616.76,1,3,3,7,1.0,1.0,0.0,0.43,0,51,0,,1
CUST00456,High-Value but Unhappy,147,4,3440.2,2,4,4,10,1.0,1.0,0.0,0.1575,0,37,1,,1
CUST00457,At Risk,321,2,1371.21,1,2,2,5,0.0,0.0,0.0,0.15000000000000002,1,60,0,,1
CUST00458,Needs Nurturing,4,2,1371.81,5,2,2,9,0.0,0.0,0.0,0.4,4,15,0,Gold,0
CUST00459,High-Value but Unhappy,237,3,2928.0299999999997,1,3,4,8,2.0,1.0,0.3333333333333333,0.18000000000000002,5,49,0,,1
CUST00460,Champions,19,11,9241.95,5,5,5,15,1.0,1.0,0.09090909090909091,0.2690909090909091,8,14,1,,0
CUST00461,At Risk,194,4,1579.47,1,4,3,8,0.0,0.0,0.0,0.305,3,41,1,,1
CUST00462,Loyal Customers,35,3,2689.5,4,3,4,11,1.0,1.0,0.0,0.3566666666666667,2,0,0,,1
CUST00463,Champions,29,4,5048.68,4,4,5,13,0.0,0.0,0.0,0.2525,0,3,0,,0
CUST00464,High-Value but Unhappy,106,10,6495.79,2,5,5,12,3.0,0.3333333333333333,0.1,0.34500000000000003,6,20,1,Platinum,1
CUST00465,At Risk,177,1,1298.74,1,1,2,4,0.0,0.0,0.0,0.37,3,34,1,,1
CUST00466,Champions,25,10,5238.91,4,5,5,14,2.0,1.0,0.1,0.326,9,2,2,Gold,0
CUST00467,Needs Nurturing,3,2,1180.98,5,2,2,9,0.0,0.0,0.0,0.295,7,0,1,Silver,0
CUST00468,At Risk,198,2,1077.8600000000001,1,2,2,5,1.0,1.0,0.5,0.385,1,36,1,Platinum,1
CUST00469,Loyal Customers,19,3,1886.95,5,3,3,11,0.0,0.0,0.0,0.4533333333333333,8,5,0,,0
CUST00470,High-Value but Unhappy,166,5,3508.62,1,4,4,9,2.0,1.0,0.0,0.362,1,41,0,Silver,1
CUST00471,Discount Sensitive,126,1,307.23,2,1,1,4,0.0,0.0,0.0,0.49,5,27,0,,1
CUST00472,At Risk,114,3,2846.8,2,3,4,9,0.0,0.0,0.0,0.15333333333333332,0,29,0,,0
CUST00473,High-Value but Unhappy,121,6,3513.72,2,5,4,11,2.0,1.0,0.16666666666666666,0.24166666666666667,0,25,0,Silver,1
CUST00474,Loyal Customers,22,3,1652.35,4,3,3,10,1.0,1.0,0.3333333333333333,0.24333333333333332,5,1,0,,0
CUST00475,Champions,39,9,6914.04,4,5,5,14,0.0,0.0,0.0,0.20222222222222222,2,6,0,,0
CUST00476,High-Value but Unhappy,140,7,6233.25,2,5,5,12,3.0,1.0,0.14285714285714285,0.38285714285714284,6,24,0,Platinum,1
CUST00477,Loyal Customers,60,4,3034.67,3,4,4,11,0.0,0.0,0.0,0.48,2,11,1,,0
CUST00478,Needs Nurturing,31,2,862.04,4,2,2,8,0.0,0.0,0.0,0.395,8,0,1,Silver,0
CUST00479,Dormant,269,1,319.34,1,1,1,3,1.0,0.0,0.0,0.27,5,42,0,,1
CUST00480,At Risk,148,7,4227.82,1,5,5,11,0.0,0.0,0.0,0.19285714285714287,2,28,0,Gold,1
CUST00481,Needs Nurturing,43,2,934.12,4,2,2,8,0.0,0.0,0.0,0.19,10,4,1,Gold,0
CUST00482,Loyal Customers,32,4,2177.14,4,4,3,11,0.0,0.0,0.0,0.35,15,19,1,Silver,0
CUST00483,High-Value but Unhappy,107,7,4120.83,2,5,5,12,1.0,1.0,0.14285714285714285,0.24714285714285714,3,10,0,Gold,0
CUST00484,Loyal Customers,62,5,5407.55,3,4,5,12,3.0,1.0,0.2,0.16799999999999998,9,16,0,,0
CUST00485,At Risk,228,5,2971.02,1,4,4,9,2.0,0.0,0.0,0.426,1,49,1,,1
CUST00486,New Customers,44,1,810.16,4,1,2,7,0.0,0.0,0.0,0.05,10,9,0,,0
CUST00487,Champions,29,7,2642.71,4,5,4,13,6.0,0.6666666666666666,0.14285714285714285,0.4828571428571428,2,14,0,Silver,0
CUST00488,At Risk,217,4,2427.65,1,4,3,8,0.0,0.0,0.0,0.27,8,51,1,Silver,1
CUST00489,At Risk,210,1,963.44,1,1,2,4,0.0,0.0,0.0,0.37,10,32,0,Gold,1
CUST00490,New Customers,7,1,557.54,5,1,1,7,1.0,1.0,1.0,0.13,8,11,1,,0
CUST00491,Needs Nurturing,97,1,540.89,2,1,1,4,1.0,1.0,1.0,0.24,10,20,1,Silver,0
CUST00492,Loyal Customers,61,6,5426.94,3,5,5,13,1.0,1.0,0.16666666666666666,0.32333333333333336,0,16,0,,0
CUST00493,At Risk,108,2,1757.06,2,2,3,7,1.0,1.0,0.5,0.28500000000000003,10,21,3,Silver,1
CUST00494,New Customers,11,1,660.15,5,1,1,7,0.0,0.0,0.0,0.15,6,0,0,,0
CUST00495,Needs Nurturing,45,2,2001.5900000000001,4,2,3,9,0.0,0.0,0.0,0.32,4,0,0,Silver,0
CUST00496,New Customers,35,1,1586.18,4,1,3,8,0.0,0.0,0.0,0.43,4,10,0,,0
CUST00497,At Risk,159,1,1724.62,1,1,3,5,0.0,0.0,0.0,0.14,1,32,2,,1
CUST00498,Needs Nurturing,24,2,970.31,4,2,2,8,0.0,0.0,0.0,0.14500000000000002,3,0,0,,0
CUST00499,Loyal Customers,18,3,2917.37,5,3,4,12,1.0,0.0,0.0,0.09999999999999999,1,9,0,Silver,0
CUST00500,Loyal Customers,43,3,3208.81,4,3,4,11,0.0,0.0,0.0,0.21,10,12,1,,0
CUST00501,Champions,20,4,2834.75,5,4,4,13,1.0,1.0,0.0,0.1825,4,5,0,Gold,0
CUST00502,Needs Nurturing,17,2,1615.2400000000002,5,2,3,10,0.0,0.0,0.0,0.475,13,0,0,,0
CUST00503,Loyal Customers,48,7,4458.49,3,5,5,13,3.0,1.0,0.14285714285714285,0.3014285714285715,4,7,0,Gold,0
CUST00504,New Customers,15,1,1602.01,5,1,3,9,0.0,0.0,0.0,0.2,9,4,2,,0
CUST00505,At Risk,125,1,1027.23,2,1,2,5,0.0,0.0,0.0,0.21,9,32,1,,0
CUST00506,Champions,38,9,8243.95,4,5,5,14,4.0,1.0,0.0,0.26,0,15,1,Platinum,0
CUST00507,At Risk,120,2,3345.6800000000003,2,2,4,8,0.0,0.0,0.0,0.36,1,26,0,Silver,1
CUST00508,Needs Nurturing,148,1,717.51,1,1,1,3,0.0,0.0,0.0,0.13,6,37,0,,0
CUST00509,New Customers,21,1,954.21,4,1,2,7,0.0,0.0,0.0,0.36,9,4,1,,0
CUST00510,High-Value but Unhappy,162,4,3630.48,1,4,4,9,1.0,1.0,0.25,0.27249999999999996,4,29,1,,1
CUST00511,Champions,5,4,2778.7,5,4,4,13,1.0,1.0,0.0,0.1775,18,5,0,Silver,0
CUST00512,Loyal Customers,16,4,2468.63,5,4,3,12,1.0,0.0,0.0,0.2025,6,9,0,Silver,1
CUST00513,Champions,27,8,5289.39,4,5,5,14,3.0,0.3333333333333333,0.0,0.23125,6,8,0,,0
CUST00514,At Risk,93,1,1687.55,2,1,3,6,0.0,0.0,0.0,0.2,11,13,4,,1
CUST00515,Needs Nurturing,6,2,1540.13,5,2,3,10,1.0,1.0,0.0,0.3,2,2,0,,0
CUST00516,New Customers,27,1,623.59,4,1,1,6,0.0,0.0,0.0,0.19,9,7,2,Platinum,1
CUST00517,Loyal Customers,59,5,2777.25,3,4,4,11,2.0,0.5,0.0,0.288,2,8,3,,0
CUST00518,New Customers,23,1,226.9,4,1,1,6,0.0,0.0,0.0,0.12,5,0,0,Gold,0
CUST00519,Needs Nurturing,81,1,412.42,3,1,1,5,0.0,0.0,0.0,0.33,0,11,0,Gold,0
CUST00520,Champions,2,5,3130.28,5,4,4,13,0.0,0.0,0.0,0.29,2,0,2,,0
CUST00521,Champions,42,7,3626.0699999999997,4,5,4,13,1.0,1.0,0.0,0.3157142857142857,5,8,3,,0
CUST00522,At Risk,462,1,1688.22,1,1,3,5,0.0,0.0,0.0,0.2,1,60,2,,1
CUST00523,Loyal Customers,29,3,2606.67,4,3,4,11,1.0,1.0,0.0,0.4266666666666667,7,12,0,,0
CUST00524,Champions,11,10,7161.96,5,5,5,15,2.0,0.5,0.1,0.282,10,11,1,Silver,1
CUST00525,At Risk,220,4,1916.75,1,4,3,8,0.0,0.0,0.0,0.24,1,56,0,,1
CUST00526,New Customers,2,1,1131.41,5,1,2,8,0.0,0.0,0.0,0.38,6,0,0,Silver,0
CUST00527,At Risk,113,6,5554.469999999999,2,5,5,12,0.0,0.0,0.0,0.2883333333333334,1,23,0,Silver,0
CUST00528,Discount Sensitive,14,1,556.1,5,1,1,7,0.0,0.0,0.0,0.45,12,9,0,,0
CUST00529,Needs Nurturing,63,1,1129.52,3,1,2,6,1.0,1.0,0.0,0.24,11,0,2,,0
CUST00530,Needs Nurturing,57,3,2183.4300000000003,3,3,3,9,0.0,0.0,0.0,0.22,2,13,0,Gold,0
CUST00531,Discount Sensitive,43,2,648.41,4,2,1,7,1.0,1.0,0.0,0.48,1,19,0,,1
CUST00532,High-Value but Unhappy,118,4,4895.42,2,4,5,11,1.0,1.0,0.0,0.3675,1,24,0,,1
CUST00533,Discount Sensitive,4,1,149.0,5,1,1,7,1.0,1.0,0.0,0.56,9,0,0,,0
CUST00534,Loyal Customers,74,5,3110.46,3,4,4,11,1.0,1.0,0.0,0.23200000000000004,4,18,0,Silver,1
CUST00535,At Risk,138,5,5156.9,2,4,5,11,0.0,0.0,0.0,0.32,5,23,1,Silver,1
CUST00536,Loyal Customers,55,4,4432.75,3,4,5,12,0.0,0.0,0.0,0.1825,14,1,1,,0
CUST00537,New Customers,2,1,447.58,5,1,1,7,0.0,0.0,0.0,0.32,4,5,0,,0
CUST00538,Loyal Customers,70,6,4026.69,3,5,5,13,0.0,0.0,0.0,0.10833333333333334,5,10,2,,0
CUST00539,Loyal Customers,65,8,7874.25,3,5,5,13,3.0,0.0,0.0,0.21,1,11,1,Silver,0
CUST00540,Loyal Customers,56,7,5087.94,3,5,5,13,3.0,1.0,0.0,0.3057142857142857,3,16,0,Gold,0
CUST00541,At Risk,132,5,3404.94,2,4,4,10,1.0,0.0,0.0,0.32599999999999996,1,31,2,,0
CUST00542,New Customers,54,1,576.88,3,1,1,5,0.0,0.0,0.0,0.3,1,15,1,,0
CUST00543,At Risk,197,4,2320.55,1,4,3,8,0.0,0.0,0.0,0.26,2,37,2,,1
CUST00544,Needs Nurturing,85,2,2284.46,3,2,3,8,0.0,0.0,0.0,0.215,6,21,0,Gold,1
CUST00545,New Customers,1,1,603.57,5,1,1,7,1.0,1.0,0.0,0.35,9,0,2,Silver,0
CUST00546,Needs Nurturing,3,2,2127.37,5,2,3,10,0.0,0.0,0.0,0.305,12,0,1,Silver,0
CUST00547,New Customers,39,1,1001.24,4,1,2,7,1.0,1.0,1.0,0.12,6,10,0,Gold,0
CUST00548,At Risk,165,1,858.7,1,1,2,4,0.0,0.0,0.0,0.28,6,24,0,,0
CUST00549,At Risk,132,2,1035.57,2,2,2,6,1.0,0.0,0.0,0.35,1,31,1,Silver,1
CUST00550,New Customers,11,1,525.8,5,1,1,7,0.0,0.0,0.0,0.42,0,3,0,,0
CUST00551,Loyal Customers,25,3,1964.0,4,3,3,10,0.0,0.0,0.0,0.19333333333333333,10,8,2,Gold,0
CUST00552,New Customers,4,1,567.45,5,1,1,7,0.0,0.0,0.0,0.16,12,1,1,Gold,0
CUST00553,At Risk,293,4,3183.11,1,4,4,9,0.0,0.0,0.0,0.31,2,56,0,,1
CUST00554,Loyal Customers,7,3,1402.26,5,3,2,10,0.0,0.0,0.0,0.38999999999999996,10,8,0,Platinum,0
CUST00555,Loyal Customers,45,3,1924.03,4,3,3,10,2.0,1.0,0.0,0.20000000000000004,3,2,1,Gold,0
CUST00556,New Customers,26,1,936.16,4,1,2,7,1.0,1.0,0.0,0.25,1,0,0,,1
CUST00557,Champions,16,6,4460.42,5,5,5,15,1.0,1.0,0.0,0.215,17,16,1,Silver,0
CUST00558,At Risk,399,2,679.0699999999999,1,2,1,4,0.0,0.0,0.0,0.255,1,60,0,,1
CUST00559,Needs Nurturing,1,2,1344.49,5,2,2,9,0.0,0.0,0.0,0.26,2,0,1,,0
CUST00560,At Risk,231,1,1135.13,1,1,2,4,0.0,0.0,0.0,0.35,1,51,0,,1
CUST00561,New Customers,4,1,256.33,5,1,1,7,1.0,0.0,0.0,0.35,16,0,0,Gold,0
CUST00562,At Risk,259,2,899.8599999999999,1,2,2,5,2.0,1.0,0.5,0.4,1,45,1,,1
CUST00563,At Risk,105,2,887.86,2,2,2,6,0.0,0.0,0.0,0.305,1,20,0,Silver,1
CUST00564,High-Value but Unhappy,130,8,4592.1900000000005,2,5,5,12,3.0,0.6666666666666666,0.0,0.365,10,27,0,Gold,1
CUST00565,New Customers,39,1,275.55,4,1,1,6,0.0,0.0,0.0,0.11,10,7,2,Platinum,0
CUST00566,New Customers,22,1,657.76,4,1,1,6,0.0,0.0,0.0,0.32,25,3,0,,0
CUST00567,Champions,3,8,4922.05,5,5,5,15,1.0,1.0,0.0,0.2825,9,0,0,,0
CUST00568,New Customers,34,1,482.12,4,1,1,6,0.0,0.0,0.0,0.38,3,10,0,Silver,1
CUST00569,Needs Nurturing,113,1,430.0,2,1,1,4,0.0,0.0,0.0,0.38,7,23,3,,0
CUST00570,At Risk,168,3,2545.7200000000003,1,3,3,7,1.0,1.0,0.3333333333333333,0.24666666666666667,0,27,1,,1
CUST00571,New Customers,32,1,598.14,4,1,1,6,1.0,0.0,1.0,0.28,5,4,0,,0
CUST00572,Loyal Customers,51,6,3305.75,3,5,4,12,0.0,0.0,0.0,0.2816666666666667,8,24,0,,1
CUST00573,High-Value but Unhappy,125,5,2912.39,2,4,4,10,1.0,1.0,0.0,0.372,0,25,0,Silver,1
CUST00574,Champions,5,7,5871.91,5,5,5,15,1.0,1.0,0.0,0.21857142857142858,14,0,1,Gold,0
CUST00575,Needs Nurturing,83,1,548.72,3,1,1,5,1.0,1.0,0.0,0.3,6,32,1,Silver,1
CUST00576,Needs Nurturing,46,2,799.27,4,2,2,8,0.0,0.0,0.0,0.33499999999999996,15,27,1,,1
CUST00577,Loyal Customers,72,5,3560.2299999999996,3,4,4,11,1.0,0.0,0.0,0.236,7,26,2,Platinum,0
CUST00578,At Risk,376,2,3054.7200000000003,1,2,4,7,0.0,0.0,0.0,0.095,2,60,2,,1
CUST00579,New Customers,10,1,301.68,5,1,1,7,0.0,0.0,0.0,0.39,1,1,0,,1
CUST00580,Needs Nurturing,74,1,713.84,3,1,1,5,0.0,0.0,0.0,0.14,4,17,1,,0
CUST00581,Needs Nurturing,76,2,1527.79,3,2,2,7,0.0,0.0,0.0,0.185,0,11,0,Gold,1
CUST00582,Dormant,286,1,392.06,1,1,1,3,1.0,0.0,0.0,0.42,2,60,2,,1
CUST00583,High-Value but Unhappy,263,4,3652.46,1,4,4,9,1.0,1.0,0.0,0.1325,2,51,0,,1
CUST00584,Needs Nurturing,83,1,591.05,3,1,1,5,0.0,0.0,0.0,0.3,9,12,0,,1
CUST00585,High-Value but Unhappy,113,8,5368.63,2,5,5,12,2.0,1.0,0.0,0.31124999999999997,15,9,2,,0
CUST00586,At Risk,128,4,1853.61,2,4,3,9,2.0,1.0,0.0,0.27,1,22,0,Gold,1
CUST00587,Discount Sensitive,18,1,275.79,5,1,1,7,0.0,0.0,0.0,0.52,10,7,0,Gold,0
CUST00588,Needs Nurturing,76,1,649.95,3,1,1,5,0.0,0.0,0.0,0.19,6,0,0,Silver,0
CUST00589,Loyal Customers,71,5,4196.7699999999995,3,4,5,12,1.0,1.0,0.0,0.262,4,0,1,Silver,1
CUST00590,High-Value but Unhappy,140,3,3961.05,2,3,4,9,2.0,0.5,0.0,0.24333333333333332,7,25,3,,1
CUST00591,Needs Nurturing,69,2,1767.15,3,2,3,8,1.0,1.0,0.0,0.36,2,11,4,,1
CUST00592,Needs Nurturing,20,2,1084.48,5,2,2,9,0.0,0.0,0.0,0.41500000000000004,3,1,0,,1
CUST00593,Champions,29,5,3602.31,4,4,4,12,1.0,1.0,0.0,0.262,9,19,0,Platinum,0
CUST00594,Discount Sensitive,91,1,448.78,2,1,1,4,0.0,0.0,0.0,0.5,0,16,0,,1
CUST00595,Champions,20,5,2849.27,5,4,4,13,0.0,0.0,0.0,0.304,9,6,0,Silver,0
CUST00596,Loyal Customers,50,4,2927.96,3,4,4,11,3.0,1.0,0.0,0.32499999999999996,13,9,1,Gold,1
CUST00597,Loyal Customers,52,4,3041.18,3,4,4,11,2.0,1.0,0.0,0.345,0,9,0,Silver,1
CUST00598,Needs Nurturing,7,2,1082.0300000000002,5,2,2,9,0.0,0.0,0.0,0.275,20,13,3,,0
CUST00599,High-Value but Unhappy,169,4,2898.52,1,4,4,9,1.0,1.0,0.0,0.2475,2,29,1,,0
CUST00600,At Risk,263,3,1248.1399999999999,1,3,2,6,0.0,0.0,0.0,0.3066666666666667,3,53,0,,1
CUST00601,Needs Nurturing,70,1,537.85,3,1,1,5,0.0,0.0,0.0,0.04,8,15,3,Gold,1
CUST00602,Discount Sensitive,91,1,171.18,2,1,1,4,0.0,0.0,0.0,0.57,5,21,1,Gold,1
CUST00603,Champions,10,9,4869.21,5,5,5,15,4.0,1.0,0.0,0.30777777777777776,12,0,1,Gold,0
CUST00604,Needs Nurturing,90,1,761.72,2,1,1,4,0.0,0.0,0.0,0.18,2,16,1,,0
CUST00605,High-Value but Unhappy,160,5,3199.79,1,4,4,9,2.0,1.0,0.0,0.23399999999999999,8,33,0,Silver,1
CUST00606,Needs Nurturing,120,1,240.15,2,1,1,4,0.0,0.0,0.0,0.24,7,28,0,Gold,1
CUST00607,At Risk,249,3,2332.76,1,3,3,7,0.0,0.0,0.0,0.27666666666666667,9,55,0,,1
CUST00608,Loyal Customers,27,3,2455.49,4,3,3,10,1.0,1.0,0.0,0.3233333333333333,7,5,0,Gold,0
CUST00609,Champions,6,5,4581.16,5,4,5,14,2.0,1.0,0.0,0.40599999999999997,6,0,1,Silver,0
CUST00610,Champions,22,5,3975.59,4,4,4,12,2.0,1.0,0.4,0.34199999999999997,10,7,0,,0
CUST00611,High-Value but Unhappy,235,4,3472.66,1,4,4,9,3.0,1.0,0.25,0.2575,5,60,0,,1
CUST00612,Needs Nurturing,48,2,2120.98,3,2,3,8,0.0,0.0,0.0,0.35,9,1,0,Platinum,1
CUST00613,Champions,4,6,4895.57,5,5,5,15,2.0,0.5,0.0,0.4116666666666666,14,7,0,Silver,0
CUST00614,Dormant,196,1,267.96,1,1,1,3,0.0,0.0,0.0,0.33,1,38,1,Gold,1
CUST00615,New Customers,34,1,446.03,4,1,1,6,1.0,1.0,1.0,0.17,4,6,1,,1
CUST00616,Champions,36,5,2628.3,4,4,4,12,1.0,1.0,0.0,0.27599999999999997,10,16,0,,1
CUST00617,Champions,14,10,5456.37,5,5,5,15,5.0,1.0,0.1,0.41,8,7,0,,0
CUST00618,At Risk,92,2,1570.53,2,2,3,7,0.0,0.0,0.0,0.21500000000000002,8,2,3,Gold,0
CUST00619,Loyal Customers,2,5,2211.2000000000003,5,4,3,12,0.0,0.0,0.0,0.32,8,12,0,,0
CUST00620,Needs Nurturing,90,1,449.48,2,1,1,4,1.0,1.0,0.0,0.26,17,30,2,Silver,0
CUST00621,Needs Nurturing,92,1,348.53,2,1,1,4,0.0,0.0,0.0,0.29,6,14,1,,1
CUST00622,At Risk,180,3,2009.7800000000002,1,3,3,7,0.0,0.0,0.0,0.30666666666666664,1,41,3,,1
CUST00623,At Risk,108,4,1945.71,2,4,3,9,2.0,1.0,0.25,0.3225,18,15,2,Silver,0
CUST00624,Discount Sensitive,232,1,270.09,1,1,1,3,0.0,0.0,0.0,0.51,4,60,0,Silver,1
CUST00625,Loyal Customers,66,4,2155.58,3,4,3,10,0.0,0.0,0.0,0.3275,2,0,0,,1
CUST00626,Needs Nurturing,9,2,1214.38,5,2,2,9,1.0,1.0,0.0,0.23,12,0,0,Platinum,0
CUST00627,Loyal Customers,75,3,2765.27,3,3,4,10,1.0,1.0,0.0,0.3566666666666667,6,17,1,Silver,1
CUST00628,Discount Sensitive,59,3,1099.5900000000001,3,3,2,8,2.0,0.5,0.0,0.4566666666666666,9,15,1,,0
CUST00629,New Customers,44,1,442.4,4,1,1,6,0.0,0.0,0.0,0.42,2,3,1,Gold,0
CUST00630,At Risk,93,3,2512.7,2,3,3,8,0.0,0.0,0.0,0.2866666666666667,20,13,1,Platinum,0
CUST00631,Loyal Customers,68,10,6076.9,3,5,5,13,2.0,1.0,0.1,0.388,0,5,0,Silver,1
CUST00632,Discount Sensitive,61,1,1078.63,3,1,2,6,0.0,0.0,0.0,0.45,11,0,1,Gold,1
CUST00633,New Customers,33,1,1619.36,4,1,3,8,0.0,0.0,0.0,0.17,4,0,1,,0
CUST00634,At Risk,118,4,1711.76,2,4,3,9,2.0,1.0,0.25,0.22000000000000003,1,32,0,,1
CUST00635,At Risk,134,1,1016.46,2,1,2,5,0.0,0.0,0.0,0.35,1,13,1,Gold,1
CUST00636,Needs Nurturing,72,2,2158.95,3,2,3,8,0.0,0.0,0.0,0.195,1,24,0,Silver,0
CUST00637,Loyal Customers,60,5,5246.29,3,4,5,12,1.0,1.0,0.0,0.33799999999999997,1,15,0,Silver,0
CUST00638,At Risk,173,6,3093.33,1,5,4,10,0.0,0.0,0.0,0.3466666666666667,0,44,0,,1
CUST00639,At Risk,369,3,2753.19,1,3,4,8,0.0,0.0,0.0,0.17333333333333334,1,58,0,,1
CUST00640,Dormant,130,1,641.86,2,1,1,4,0.0,0.0,0.0,0.28,0,25,1,,1
CUST00641,Champions,35,6,5481.38,4,5,5,14,1.0,1.0,0.0,0.3283333333333333,5,0,1,,0
CUST00642,Loyal Customers,18,3,1654.45,5,3,3,11,0.0,0.0,0.0,0.4066666666666667,4,12,0,Silver,0
CUST00643,At Risk,155,1,1091.34,1,1,2,4,0.0,0.0,0.0,0.26,14,33,1,Silver,1
CUST00644,Loyal Customers,78,7,3822.27,3,5,4,12,0.0,0.0,0.0,0.37285714285714283,0,25,3,,1
CUST00645,High-Value but Unhappy,252,3,2730.59,1,3,4,8,2.0,0.5,0.0,0.44333333333333336,0,47,0,,1
CUST00646,High-Value but Unhappy,117,6,5934.01,2,5,5,12,1.0,1.0,0.16666666666666666,0.15666666666666668,5,20,0,Silver,0
CUST00647,Needs Nurturing,64,1,507.52,3,1,1,5,1.0,0.0,0.0,0.13,2,9,0,Gold,1
CUST00648,New Customers,31,1,1298.17,4,1,2,7,0.0,0.0,0.0,0.13,3,16,3,,0
CUST00649,High-Value but Unhappy,124,6,3181.62,2,5,4,11,4.0,1.0,0.16666666666666666,0.28,5,16,0,Silver,1
CUST00650,Loyal Customers,59,3,2622.0099999999998,3,3,4,10,0.0,0.0,0.0,0.36333333333333334,6,5,0,Silver,1
CUST00651,Champions,34,7,5105.77,4,5,5,14,0.0,0.0,0.0,0.36,6,5,2,Silver,0
CUST00652,Loyal Customers,75,4,4491.29,3,4,5,12,0.0,0.0,0.0,0.34249999999999997,13,13,2,Gold,0
CUST00653,Needs Nurturing,32,2,2037.83,4,2,3,9,0.0,0.0,0.0,0.235,19,11,0,,0
CUST00654,Champions,8,6,5827.77,5,5,5,15,2.0,1.0,0.3333333333333333,0.15,8,0,0,,0
CUST00655,Loyal Customers,79,8,5295.41,3,5,5,13,0.0,0.0,0.0,0.27875,0,15,0,Silver,0
CUST00656,Loyal Customers,67,4,3207.37,3,4,4,11,1.0,1.0,0.0,0.22999999999999998,16,6,0,,0
CUST00657,Needs Nurturing,63,4,1287.49,3,4,2,9,1.0,1.0,0.25,0.325,5,8,1,Silver,1
CUST00658,At Risk,219,2,2355.97,1,2,3,6,1.0,1.0,0.0,0.27,3,29,1,,1
CUST00659,New Customers,16,1,883.27,5,1,2,8,0.0,0.0,0.0,0.37,21,0,4,Platinum,0
CUST00660,New Customers,43,1,573.43,4,1,1,6,0.0,0.0,0.0,0.16,7,8,2,Silver,0
CUST00661,At Risk,180,3,1105.96,1,3,2,6,1.0,0.0,0.0,0.3833333333333333,1,33,0,,1
CUST00662,At Risk,124,1,852.96,2,1,2,5,0.0,0.0,0.0,0.27,2,28,0,,1
CUST00663,Loyal Customers,64,8,5700.78,3,5,5,13,2.0,1.0,0.125,0.3375,14,26,0,,1
CUST00664,New Customers,20,1,237.27,5,1,1,7,1.0,0.0,0.0,0.34,1,0,0,,0
CUST00665,Champions,35,9,6480.29,4,5,5,14,2.0,1.0,0.1111111111111111,0.1788888888888889,3,3,0,,0
CUST00666,New Customers,3,1,540.99,5,1,1,7,1.0,1.0,0.0,0.32,1,10,1,Silver,0
CUST00667,Champions,25,5,5036.26,4,4,5,13,2.0,1.0,0.2,0.264,7,9,0,,0
CUST00668,Needs Nurturing,42,2,952.4100000000001,4,2,2,8,0.0,0.0,0.0,0.16,3,10,0,,1
CUST00669,Loyal Customers,57,3,2774.7599999999998,3,3,4,10,0.0,0.0,0.0,0.24333333333333332,1,0,0,,0
CUST00670,High-Value but Unhappy,242,4,3756.69,1,4,4,9,1.0,1.0,0.0,0.345,0,52,1,,1
CUST00671,Champions,2,8,5453.93,5,5,5,15,1.0,0.0,0.0,0.3325,13,7,0,,0
CUST00672,Discount Sensitive,141,1,434.37,2,1,1,4,0.0,0.0,0.0,0.47,10,18,3,,1
CUST00673,At Risk,118,1,1297.2,2,1,2,5,0.0,0.0,0.0,0.36,1,28,1,Silver,1
CUST00674,Loyal Customers,56,8,4178.67,3,5,5,13,0.0,0.0,0.0,0.28875,14,12,0,,1
CUST00675,At Risk,130,5,6478.51,2,4,5,11,0.0,0.0,0.0,0.26799999999999996,8,35,1,Silver,0
CUST00676,New Customers,6,1,714.17,5,1,1,7,1.0,1.0,0.0,0.4,9,0,2,,0
CUST00677,New Customers,6,1,291.61,5,1,1,7,0.0,0.0,0.0,0.36,1,13,0,,0
CUST00678,At Risk,196,2,1145.87,1,2,2,5,0.0,0.0,0.0,0.295,1,26,0,,1
CUST00679,Loyal Customers,83,8,6252.95,3,5,5,13,2.0,0.5,0.0,0.33,3,18,3,,0
CUST00680,At Risk,215,1,1087.83,1,1,2,4,0.0,0.0,0.0,0.29,1,41,0,Gold,1
CUST00681,At Risk,211,1,1372.4,1,1,2,4,1.0,1.0,1.0,0.41,1,35,0,,1
CUST00682,New Customers,19,1,1238.23,5,1,2,8,1.0,1.0,0.0,0.17,6,7,1,Silver,0
CUST00683,Loyal Customers,0,3,3422.7,5,3,4,12,2.0,0.5,0.0,0.25,7,0,1,,0
CUST00684,At Risk,140,4,2472.73,2,4,3,9,1.0,1.0,0.0,0.23750000000000002,2,2,0,Gold,1
CUST00685,New Customers,2,1,1158.09,5,1,2,8,0.0,0.0,0.0,0.44,3,0,1,,0
CUST00686,At Risk,127,3,1409.0900000000001,2,3,2,7,0.0,0.0,0.0,0.2866666666666667,21,20,1,Silver,1
CUST00687,At Risk,117,5,4129.24,2,4,5,11,0.0,0.0,0.0,0.23600000000000004,1,34,0,,1
CUST00688,Champions,13,5,3552.34,5,4,4,13,1.0,1.0,0.2,0.274,1,0,0,Silver,0
CUST00689,Loyal Customers,70,4,4514.3099999999995,3,4,5,12,0.0,0.0,0.0,0.1,13,19,0,Gold,0
CUST00690,Champions,4,5,5697.91,5,4,5,14,1.0,0.0,0.0,0.304,11,10,3,,0
CUST00691,Loyal Customers,61,3,2927.57,3,3,4,10,0.0,0.0,0.0,0.42333333333333334,14,18,3,,0
CUST00692,Needs Nurturing,58,3,1850.73,3,3,3,9,0.0,0.0,0.0,0.37333333333333335,0,16,1,,1
CUST00693,High-Value but Unhappy,147,5,6136.5,2,4,5,11,2.0,1.0,0.0,0.18,0,5,0,Gold,1
CUST00694,Needs Nurturing,74,1,345.14,3,1,1,5,0.0,0.0,0.0,0.23,14,12,0,,1
CUST00695,Dormant,198,1,616.85,1,1,1,3,1.0,0.0,0.0,0.41,4,48,0,,1
CUST00696,Champions,40,5,4814.21,4,4,5,13,1.0,1.0,0.0,0.31,1,8,0,Silver,0
CUST00697,High-Value but Unhappy,247,4,3657.69,1,4,4,9,1.0,1.0,0.25,0.2275,1,47,0,,0
CUST00698,Champions,14,8,5318.95,5,5,5,15,4.0,1.0,0.375,0.25,11,16,0,Gold,0
CUST00699,Loyal Customers,47,4,2191.5099999999998,3,4,3,10,0.0,0.0,0.0,0.3825,15,20,0,,0
CUST00700,Loyal Customers,49,4,3589.62,3,4,4,11,0.0,0.0,0.0,0.1675,1,22,0,,0
CUST00701,At Risk,122,5,6476.26,2,4,5,11,1.0,0.0,0.0,0.162,10,26,0,Silver,1
CUST00702,Loyal Customers,77,6,8044.75,3,5,5,13,2.0,1.0,0.16666666666666666,0.21333333333333335,2,16,0,Silver,1
CUST00703,Needs Nurturing,104,1,360.06,2,1,1,4,0.0,0.0,0.0,0.31,3,27,0,,1
CUST00704,Champions,22,4,3057.83,4,4,4,12,1.0,1.0,0.0,0.3275,12,0,0,,1
CUST00705,New Customers,12,1,872.61,5,1,2,8,1.0,1.0,1.0,0.0,1,5,0,,1
CUST00706,New Customers,2,1,439.07,5,1,1,7,0.0,0.0,0.0,0.33,2,0,0,,0
CUST00707,At Risk,189,3,2254.12,1,3,3,7,2.0,1.0,0.0,0.22333333333333336,10,19,0,,0
CUST00708,Champions,45,6,5342.67,4,5,5,14,1.0,1.0,0.0,0.3283333333333333,5,5,0,,0
CUST00709,At Risk,129,1,1966.47,2,1,3,6,0.0,0.0,0.0,0.13,0,17,0,,1
CUST00710,Champions,16,8,5514.42,5,5,5,15,2.0,0.5,0.0,0.28875,8,0,0,Silver,0
CUST00711,Champions,19,8,5430.3,5,5,5,15,2.0,1.0,0.125,0.41000000000000003,10,13,2,Platinum,0
CUST00712,Loyal Customers,4,4,1928.79,5,4,3,12,1.0,1.0,0.0,0.3225,2,0,0,,0
CUST00713,Champions,3,9,9076.15,5,5,5,15,3.0,1.0,0.1111111111111111,0.3022222222222222,10,0,0,Gold,0
CUST00714,Champions,40,6,2681.75,4,5,4,13,1.0,1.0,0.16666666666666666,0.385,2,0,1,Silver,0
CUST00715,Discount Sensitive,25,3,954.63,4,3,2,9,0.0,0.0,0.0,0.5166666666666666,4,14,0,Silver,0
CUST00716,Champions,6,6,2828.0600000000004,5,5,4,14,1.0,1.0,0.0,0.37000000000000005,14,0,2,Gold,0
CUST00717,New Customers,0,1,884.85,5,1,2,8,0.0,0.0,0.0,0.31,6,7,0,,0
CUST00718,At Risk,117,2,697.62,2,2,1,5,0.0,0.0,0.0,0.325,2,35,1,,1
CUST00719,At Risk,168,4,2610.39,1,4,4,9,1.0,0.0,0.25,0.37,2,38,0,Silver,0
CUST00720,High-Value but Unhappy,291,5,3086.61,1,4,4,9,2.0,1.0,0.2,0.406,1,53,1,Gold,1
CUST00721,New Customers,14,1,1856.99,5,1,3,9,0.0,0.0,0.0,0.1,8,0,1,Platinum,0
CUST00722,Discount Sensitive,30,1,256.54,4,1,1,6,1.0,1.0,1.0,0.6,1,0,0,,1
CUST00723,Needs Nurturing,69,1,546.81,3,1,1,5,0.0,0.0,0.0,0.1,7,21,1,,1
CUST00724,Needs Nurturing,8,2,1014.94,5,2,2,9,0.0,0.0,0.0,0.12,8,0,2,Silver,0
CUST00725,At Risk,141,3,2162.5,2,3,3,8,0.0,0.0,0.0,0.37333333333333335,0,37,0,,1
CUST00726,High-Value but Unhappy,98,10,7976.49,2,5,5,12,4.0,0.75,0.1,0.33899999999999997,10,19,0,,0
CUST00727,Champions,8,5,3822.01,5,4,4,13,1.0,1.0,0.2,0.32,10,7,2,,1
CUST00728,Needs Nurturing,66,1,396.38,3,1,1,5,1.0,1.0,1.0,0.22,6,17,0,,1
CUST00729,At Risk,140,1,1324.83,2,1,2,5,0.0,0.0,0.0,0.38,1,42,1,,1
CUST00730,At Risk,232,2,1923.08,1,2,3,6,0.0,0.0,0.0,0.32999999999999996,3,43,0,,0
CUST00731,At Risk,136,2,1457.58,2,2,2,6,0.0,0.0,0.0,0.38,2,18,1,Gold,1
CUST00732,New Customers,6,1,402.61,5,1,1,7,1.0,1.0,0.0,0.13,6,4,1,,0
CUST00733,Needs Nurturing,66,3,1661.19,3,3,3,9,0.0,0.0,0.0,0.19666666666666668,5,8,0,Gold,0
CUST00734,High-Value but Unhappy,89,5,4981.82,2,4,5,11,2.0,1.0,0.2,0.366,6,30,0,,0
CUST00735,Loyal Customers,12,4,1973.4,5,4,3,12,1.0,0.0,0.0,0.47000000000000003,1,0,0,,0
CUST00736,Needs Nurturing,66,3,1727.68,3,3,3,9,0.0,0.0,0.0,0.35333333333333333,3,15,0,,1
CUST00737,New Customers,24,1,872.88,4,1,2,7,0.0,0.0,0.0,0.16,1,4,0,Silver,0
CUST00738,Needs Nurturing,78,1,545.24,3,1,1,5,1.0,1.0,1.0,0.18,8,25,2,Silver,1
CUST00739,New Customers,24,1,1047.95,4,1,2,7,0.0,0.0,0.0,0.27,8,0,1,Gold,0
CUST00740,High-Value but Unhappy,261,5,4065.24,1,4,5,10,1.0,1.0,0.2,0.37,5,59,2,,1
CUST00741,At Risk,225,3,1798.7,1,3,3,7,0.0,0.0,0.0,0.23,3,52,1,Gold,0
CUST00742,Needs Nurturing,49,2,1288.91,3,2,2,7,0.0,0.0,0.0,0.365,5,8,0,,1
CUST00743,Champions,1,5,2957.78,5,4,4,13,1.0,1.0,0.2,0.294,3,18,2,Silver,0
CUST00744,Needs Nurturing,65,2,1108.58,3,2,2,7,0.0,0.0,0.0,0.14,2,25,2,,1
CUST00745,New Customers,1,1,1077.53,5,1,2,8,0.0,0.0,0.0,0.28,14,4,0,Silver,0
CUST00746,Discount Sensitive,177,2,1625.12,1,2,3,6,0.0,0.0,0.0,0.46,0,17,0,,1
CUST00747,New Customers,11,1,1123.87,5,1,2,8,1.0,1.0,0.0,0.31,13,7,0,,0
CUST00748,Loyal Customers,58,7,4244.5,3,5,5,13,1.0,0.0,0.0,0.1942857142857143,5,0,0,,0
CUST00749,Discount Sensitive,11,2,1514.65,5,2,2,9,0.0,0.0,0.0,0.475,13,11,3,,0
CUST00750,Needs Nurturing,49,3,2474.98,3,3,3,9,0.0,0.0,0.0,0.36333333333333334,8,4,1,,0
CUST00751,New Customers,15,1,657.24,5,1,1,7,0.0,0.0,0.0,0.21,8,5,1,Silver,0
CUST00752,At Risk,97,2,1319.5500000000002,2,2,2,6,1.0,1.0,0.0,0.23500000000000001,2,33,0,,1
CUST00753,At Risk,143,1,1093.17,2,1,2,5,0.0,0.0,0.0,0.16,9,40,0,,1
CUST00754,High-Value but Unhappy,37,2,3639.05,4,2,4,10,1.0,1.0,0.0,0.13,18,4,1,Gold,0
CUST00755,At Risk,200,2,1585.3600000000001,1,2,3,6,1.0,1.0,0.5,0.27999999999999997,12,45,2,,1
CUST00756,At Risk,113,3,3223.87,2,3,4,9,2.0,0.5,0.0,0.19666666666666668,0,17,0,Silver,1
CUST00757,Loyal Customers,8,3,1807.24,5,3,3,11,0.0,0.0,0.0,0.38000000000000006,4,0,1,Silver,0
CUST00758,Loyal Customers,78,10,6808.01,3,5,5,13,0.0,0.0,0.0,0.27,13,19,1,,0
CUST00759,Needs Nurturing,38,2,1562.24,4,2,3,9,0.0,0.0,0.0,0.26,4,21,0,Gold,1
CUST00760,At Risk,162,2,1132.19,1,2,2,5,1.0,1.0,0.5,0.28,1,37,0,,1
CUST00761,At Risk,193,2,1069.58,1,2,2,5,0.0,0.0,0.0,0.145,1,41,0,,1
CUST00762,High-Value but Unhappy,46,2,2784.5699999999997,4,2,4,10,1.0,0.0,0.5,0.24,8,25,0,,0
CUST00763,At Risk,188,4,4210.57,1,4,5,10,0.0,0.0,0.0,0.2375,0,47,0,Silver,1
CUST00764,Champions,23,4,3245.93,4,4,4,12,0.0,0.0,0.0,0.2475,8,1,0,Silver,0
CUST00765,At Risk,98,3,2692.35,2,3,4,9,1.0,0.0,0.0,0.34,2,12,0,,1
CUST00766,At Risk,166,2,1783.35,1,2,3,6,0.0,0.0,0.0,0.305,7,46,0,,1
CUST00767,Loyal Customers,75,7,3498.46,3,5,4,12,3.0,1.0,0.0,0.3314285714285714,7,18,3,Gold,1
CUST00768,Loyal Customers,21,3,2361.23,4,3,3,10,1.0,1.0,0.0,0.21666666666666667,3,7,0,,0
CUST00769,Champions,18,6,2815.44,5,5,4,14,2.0,1.0,0.0,0.29333333333333333,2,0,0,Silver,1
CUST00770,Loyal Customers,27,3,2711.16,4,3,4,11,1.0,1.0,0.0,0.19999999999999998,12,0,1,Silver,0
CUST00771,Needs Nurturing,90,1,456.76,2,1,1,4,1.0,1.0,0.0,0.41,8,0,0,Gold,1
CUST00772,At Risk,190,3,3114.63,1,3,4,8,0.0,0.0,0.0,0.2833333333333333,9,27,1,Silver,1
CUST00773,Needs Nurturing,71,3,2278.26,3,3,3,9,1.0,1.0,0.0,0.25666666666666665,4,3,0,Gold,1
CUST00774,At Risk,101,3,1439.8,2,3,2,7,0.0,0.0,0.0,0.10666666666666667,2,28,0,Silver,1
CUST00775,New Customers,23,1,1298.92,4,1,2,7,0.0,0.0,0.0,0.23,8,10,2,,0
CUST00776,At Risk,135,4,3024.9399999999996,2,4,4,10,0.0,0.0,0.0,0.245,0,35,0,,1
CUST00777,New Customers,10,1,720.41,5,1,1,7,0.0,0.0,0.0,0.32,2,1,1,,0
CUST00778,High-Value but Unhappy,331,4,3444.29,1,4,4,9,1.0,1.0,0.0,0.155,1,57,0,Silver,1
CUST00779,Discount Sensitive,6,1,416.15,5,1,1,7,0.0,0.0,0.0,0.49,3,0,1,,0
CUST00780,Champions,36,4,3232.4,4,4,4,12,3.0,0.6666666666666666,0.25,0.29000000000000004,12,9,0,Silver,0
CUST00781,New Customers,49,1,442.8,3,1,1,5,0.0,0.0,0.0,0.38,4,14,0,Gold,0
CUST00782,Dormant,194,1,505.28,1,1,1,3,0.0,0.0,0.0,0.31,1,41,2,Silver,1
CUST00783,At Risk,232,6,4123.36,1,5,5,11,1.0,0.0,0.0,0.37333333333333335,3,49,2,,1
CUST00784,Champions,45,5,3103.73,4,4,4,12,0.0,0.0,0.0,0.248,11,0,1,,1
CUST00785,Champions,11,6,3144.23,5,5,4,14,1.0,1.0,0.0,0.33,5,15,0,,0
CUST00786,High-Value but Unhappy,150,5,5359.3,1,4,5,10,3.0,1.0,0.2,0.11400000000000002,1,28,0,Silver,1
CUST00787,Loyal Customers,48,7,5769.13,3,5,5,13,2.0,0.0,0.0,0.27714285714285714,2,7,0,,0
CUST00788,New Customers,49,1,1408.44,3,1,2,6,0.0,0.0,0.0,0.39,8,11,0,,0
CUST00789,Needs Nurturing,55,3,1689.1100000000001,3,3,3,9,0.0,0.0,0.0,0.2866666666666667,1,0,0,Silver,0
CUST00790,Needs Nurturing,78,1,458.83,3,1,1,5,1.0,1.0,0.0,0.19,9,20,1,Gold,1
CUST00791,At Risk,230,1,1187.93,1,1,2,4,1.0,1.0,0.0,0.38,0,46,0,,1
CUST00792,High-Value but Unhappy,148,6,2976.79,1,5,4,10,1.0,1.0,0.0,0.4583333333333333,4,39,0,Platinum,1
CUST00793,At Risk,113,3,2463.2,2,3,3,8,0.0,0.0,0.0,0.39666666666666667,1,4,1,Silver,1
CUST00794,High-Value but Unhappy,171,5,2824.37,1,4,4,9,2.0,1.0,0.0,0.198,7,39,0,Gold,1
CUST00795,At Risk,138,4,3787.58,2,4,4,10,0.0,0.0,0.0,0.2,2,30,0,Gold,1
CUST00796,At Risk,151,3,5388.48,1,3,5,9,0.0,0.0,0.0,0.22333333333333336,8,19,0,Silver,1
CUST00797,Champions,9,5,2975.27,5,4,4,13,0.0,0.0,0.0,0.264,7,9,1,Platinum,0
CUST00798,Loyal Customers,57,10,6339.86,3,5,5,13,1.0,1.0,0.0,0.278,8,5,1,Gold,0
CUST00799,Loyal Customers,56,6,3798.88,3,5,4,12,1.0,1.0,0.0,0.2816666666666667,2,7,0,Gold,1
CUST00800,Champions,12,10,9558.37,5,5,5,15,4.0,0.75,0.2,0.18,7,0,2,,0
CUST00801,Loyal Customers,76,3,3345.79,3,3,4,10,1.0,1.0,0.0,0.26,1,15,0,,1
CUST00802,At Risk,201,1,1787.0,1,1,3,5,0.0,0.0,0.0,0.28,1,48,0,Silver,1
CUST00803,Loyal Customers,53,7,5289.43,3,5,5,13,1.0,1.0,0.0,0.24571428571428572,2,16,2,,0
CUST00804,New Customers,14,1,969.91,5,1,2,8,0.0,0.0,0.0,0.22,7,7,1,,0
CUST00805,New Customers,41,1,780.79,4,1,2,7,0.0,0.0,0.0,0.11,8,18,0,Gold,0
CUST00806,Discount Sensitive,21,1,976.95,4,1,2,7,0.0,0.0,0.0,0.46,11,7,0,,0
CUST00807,At Risk,112,2,1827.0300000000002,2,2,3,7,0.0,0.0,0.0,0.19,4,14,0,,1
CUST00808,Loyal Customers,53,5,2738.81,3,4,4,11,2.0,1.0,0.2,0.4,16,21,0,Silver,0
CUST00809,Loyal Customers,22,3,1886.26,4,3,3,10,2.0,1.0,0.3333333333333333,0.3133333333333333,12,1,4,,0
CUST00810,Dormant,217,1,528.93,1,1,1,3,0.0,0.0,0.0,0.37,0,37,2,,0
CUST00811,At Risk,184,6,3477.9399999999996,1,5,4,10,0.0,0.0,0.0,0.3983333333333334,2,30,1,Gold,1
CUST00812,Dormant,189,1,383.16,1,1,1,3,0.0,0.0,0.0,0.25,0,27,0,Silver,1
CUST00813,Champions,5,9,9628.83,5,5,5,15,4.0,0.75,0.0,0.18666666666666668,11,1,3,Platinum,0
CUST00814,At Risk,88,3,3998.29,2,3,4,9,0.0,0.0,0.0,0.2733333333333334,14,16,0,,0
CUST00815,At Risk,137,3,3282.1400000000003,2,3,4,9,2.0,0.5,0.0,0.20333333333333334,3,31,0,Silver,0
CUST00816,High-Value but Unhappy,59,2,2688.92,3,2,4,9,1.0,1.0,0.0,0.3,7,15,1,,0
CUST00817,Champions,9,14,11008.85,5,5,5,15,1.0,1.0,0.0,0.32642857142857146,13,0,2,Platinum,0
CUST00818,At Risk,147,1,988.84,2,1,2,5,1.0,1.0,0.0,0.12,1,36,0,,1
CUST00819,Loyal Customers,28,4,2164.49,4,4,3,11,1.0,1.0,0.0,0.1775,5,0,0,,0
CUST00820,At Risk,189,2,935.6700000000001,1,2,2,5,0.0,0.0,0.0,0.44,4,46,2,,1
CUST00821,At Risk,94,3,1248.56,2,3,2,7,2.0,0.5,0.3333333333333333,0.29666666666666663,6,27,0,Silver,0
CUST00822,Loyal Customers,76,6,4218.62,3,5,5,13,1.0,0.0,0.0,0.3183333333333333,10,30,0,,0
CUST00823,High-Value but Unhappy,146,8,3291.63,2,5,4,11,3.0,0.6666666666666666,0.25,0.24625,2,33,0,Gold,1
CUST00824,Champions,4,4,2566.4900000000002,5,4,4,13,0.0,0.0,0.0,0.18,4,0,0,Gold,0
CUST00825,Needs Nurturing,97,1,410.77,2,1,1,4,0.0,0.0,0.0,0.25,3,31,3,,1
CUST00826,At Risk,158,10,8171.4,1,5,5,11,2.0,0.0,0.0,0.332,9,34,0,,1
CUST00827,New Customers,57,1,1699.04,3,1,3,7,0.0,0.0,0.0,0.16,4,2,2,,0
CUST00828,Needs Nurturing,90,1,355.91,2,1,1,4,0.0,0.0,0.0,0.39,5,17,0,,1
CUST00829,Loyal Customers,62,10,6268.52,3,5,5,13,1.0,1.0,0.0,0.316,9,6,3,Silver,0
CUST00830,Loyal Customers,19,3,1613.9499999999998,5,3,3,11,0.0,0.0,0.0,0.38999999999999996,11,6,1,,0
CUST00831,Needs Nurturing,6,2,994.8299999999999,5,2,2,9,2.0,1.0,0.0,0.375,11,0,1,Platinum,0
CUST00832,New Customers,0,1,716.8,5,1,1,7,0.0,0.0,0.0,0.16,9,0,3,,0
CUST00833,Discount Sensitive,67,1,1142.84,3,1,2,6,0.0,0.0,0.0,0.49,6,4,0,Gold,1
CUST00834,Loyal Customers,2,4,2049.66,5,4,3,12,1.0,0.0,0.0,0.48,6,6,0,,0
CUST00835,High-Value but Unhappy,157,9,6888.030000000001,1,5,5,11,1.0,1.0,0.1111111111111111,0.27555555555555555,8,12,0,Gold,1
CUST00836,Needs Nurturing,9,2,1640.21,5,2,3,10,0.0,0.0,0.0,0.29,7,0,0,,0
CUST00837,Needs Nurturing,15,2,1476.76,5,2,2,9,0.0,0.0,0.0,0.345,7,8,1,,0
CUST00838,Champions,9,6,4291.93,5,5,5,15,2.0,1.0,0.0,0.2866666666666667,11,12,1,,1
CUST00839,At Risk,162,3,1996.99,1,3,3,7,0.0,0.0,0.0,0.15333333333333332,2,31,0,,1
CUST00840,Loyal Customers,58,10,9432.94,3,5,5,13,4.0,1.0,0.0,0.26999999999999996,3,0,0,,0
CUST00841,High-Value but Unhappy,99,8,6838.26,2,5,5,12,2.0,1.0,0.125,0.185,2,29,0,,0
CUST00842,Loyal Customers,71,5,5478.280000000001,3,4,5,12,1.0,1.0,0.0,0.258,1,1,0,,0
CUST00843,New Customers,45,1,803.69,4,1,2,7,1.0,1.0,1.0,0.4,1,3,2,,1
CUST00844,New Customers,19,1,410.24,5,1,1,7,0.0,0.0,0.0,0.32,1,5,1,Silver,0
CUST00845,High-Value but Unhappy,96,4,2758.2200000000003,2,4,4,10,2.0,1.0,0.0,0.31,4,20,0,,1
CUST00846,Champions,41,9,7260.82,4,5,5,14,2.0,1.0,0.1111111111111111,0.18000000000000002,15,0,0,,0
CUST00847,Champions,4,6,6336.01,5,5,5,15,2.0,0.5,0.0,0.355,12,4,5,,0
CUST00848,New Customers,4,1,547.18,5,1,1,7,0.0,0.0,0.0,0.28,8,0,1,,0
CUST00849,Champions,6,7,4218.23,5,5,5,15,0.0,0.0,0.0,0.29571428571428576,9,14,2,Gold,0
CUST00850,Needs Nurturing,7,2,2278.0299999999997,5,2,3,10,1.0,1.0,0.5,0.355,5,4,0,Silver,1
CUST00851,Needs Nurturing,0,2,1188.6200000000001,5,2,2,9,1.0,1.0,0.5,0.275,8,0,0,Gold,0
CUST00852,Needs Nurturing,66,3,1379.6599999999999,3,3,2,8,0.0,0.0,0.0,0.32,1,15,1,Gold,0
CUST00853,Discount Sensitive,61,1,318.94,3,1,1,5,1.0,1.0,0.0,0.47,9,13,0,,1
CUST00854,At Risk,279,3,2249.63,1,3,3,7,0.0,0.0,0.0,0.2733333333333334,1,44,0,Silver,1
CUST00855,Dormant,292,1,613.47,1,1,1,3,0.0,0.0,0.0,0.43,1,52,0,,1
CUST00856,At Risk,135,1,2235.84,2,1,3,6,1.0,0.0,0.0,0.19,1,27,3,Silver,0
CUST00857,Loyal Customers,67,5,5033.19,3,4,5,12,3.0,1.0,0.2,0.286,3,4,1,,0
CUST00858,At Risk,90,3,2363.5299999999997,2,3,3,8,0.0,0.0,0.0,0.21333333333333335,1,13,0,Silver,1
CUST00859,At Risk,169,4,2159.64,1,4,3,8,0.0,0.0,0.0,0.3075,10,36,2,Silver,1
CUST00860,Needs Nurturing,79,1,1472.26,3,1,2,6,1.0,1.0,0.0,0.27,7,23,4,,0
CUST00861,At Risk,170,3,1530.88,1,3,2,6,1.0,1.0,0.0,0.31666666666666665,3,29,2,Platinum,1
CUST00862,At Risk,453,4,3934.7400000000002,1,4,4,9,0.0,0.0,0.0,0.235,2,60,0,,1
CUST00863,Champions,25,4,2928.87,4,4,4,12,0.0,0.0,0.0,0.2275,6,4,0,,0
CUST00864,At Risk,138,2,1042.98,2,2,2,6,2.0,0.5,0.0,0.265,2,24,1,,1
CUST00865,Needs Nurturing,50,2,1503.1100000000001,3,2,2,7,1.0,1.0,0.0,0.38,10,15,2,,0
CUST00866,New Customers,26,1,1280.71,4,1,2,7,0.0,0.0,0.0,0.06,5,1,0,,1
CUST00867,Discount Sensitive,15,1,424.64,5,1,1,7,1.0,1.0,0.0,0.55,6,22,0,,1
CUST00868,New Customers,20,1,832.57,5,1,2,8,0.0,0.0,0.0,0.4,14,0,1,Silver,0
CUST00869,High-Value but Unhappy,93,6,3202.61,2,5,4,11,2.0,1.0,0.16666666666666666,0.35333333333333333,0,4,0,,1
CUST00870,High-Value but Unhappy,86,7,5454.610000000001,2,5,5,12,1.0,1.0,0.0,0.2914285714285714,13,37,0,,0
CUST00871,At Risk,122,8,7332.96,2,5,5,12,2.0,0.0,0.0,0.20625,3,23,0,,1
CUST00872,At Risk,125,3,1959.48,2,3,3,8,0.0,0.0,0.0,0.26666666666666666,6,24,2,Silver,1
CUST00873,Champions,3,4,4213.62,5,4,5,14,0.0,0.0,0.0,0.1975,2,13,0,,0
CUST00874,New Customers,21,1,511.56,4,1,1,6,0.0,0.0,0.0,0.24,7,3,0,,1
CUST00875,New Customers,30,1,363.1,4,1,1,6,0.0,0.0,0.0,0.31,1,6,0,,0
CUST00876,Needs Nurturing,36,3,1392.13,4,3,2,9,2.0,1.0,0.0,0.4166666666666667,6,13,1,,1
CUST00877,Needs Nurturing,63,3,1904.33,3,3,3,9,1.0,1.0,0.0,0.18333333333333335,7,24,0,Silver,1
CUST00878,At Risk,134,2,2578.68,2,2,4,8,0.0,0.0,0.0,0.13,12,14,1,,0
CUST00879,At Risk,155,6,5967.77,1,5,5,11,0.0,0.0,0.0,0.20833333333333334,4,24,0,Gold,1
CUST00880,Loyal Customers,16,4,2399.63,5,4,3,12,1.0,1.0,0.25,0.19999999999999998,11,21,0,,0
CUST00881,Champions,4,8,9492.15,5,5,5,15,0.0,0.0,0.0,0.21375,6,9,0,,0
CUST00882,Needs Nurturing,85,2,894.79,3,2,2,7,1.0,0.0,0.0,0.225,2,11,0,Silver,1
CUST00883,At Risk,126,3,6706.94,2,3,5,10,0.0,0.0,0.0,0.07666666666666667,1,21,1,,0
CUST00884,Dormant,271,1,365.93,1,1,1,3,0.0,0.0,0.0,0.26,1,55,0,,1
CUST00885,Champions,31,8,6880.8099999999995,4,5,5,14,2.0,0.5,0.125,0.21625,10,21,1,Platinum,1
CUST00886,Champions,1,5,2647.05,5,4,4,13,3.0,1.0,0.2,0.316,3,12,0,,0
CUST00887,Loyal Customers,9,3,2344.2,5,3,3,11,2.0,1.0,0.0,0.30333333333333334,0,6,2,,0
CUST00888,At Risk,108,3,2556.74,2,3,3,8,0.0,0.0,0.0,0.3666666666666667,0,23,1,,1
CUST00889,Loyal Customers,44,3,2012.98,4,3,3,10,1.0,1.0,0.3333333333333333,0.3866666666666667,2,11,0,,1
CUST00890,New Customers,24,1,631.59,4,1,1,6,1.0,0.0,0.0,0.06,1,8,0,Gold,0
CUST00891,Loyal Customers,13,3,3475.43,5,3,4,12,0.0,0.0,0.0,0.3433333333333333,0,1,0,,0
CUST00892,Discount Sensitive,9,1,360.98,5,1,1,7,0.0,0.0,0.0,0.48,5,5,1,,0
CUST00893,At Risk,99,2,2269.27,2,2,3,7,0.0,0.0,0.0,0.34,5,37,0,,1
CUST00894,Needs Nurturing,25,2,1903.85,4,2,3,9,2.0,1.0,0.0,0.31,2,9,0,,1
CUST00895,Needs Nurturing,54,4,1415.7,3,4,2,9,1.0,1.0,0.0,0.3725,14,21,1,Silver,1
CUST00896,Champions,10,9,7413.08,5,5,5,15,2.0,1.0,0.1111111111111111,0.23555555555555557,3,12,1,,0
CUST00897,New Customers,13,1,584.95,5,1,1,7,0.0,0.0,0.0,0.11,3,2,1,,0
CUST00898,High-Value but Unhappy,339,6,4353.639999999999,1,5,5,11,1.0,1.0,0.16666666666666666,0.305,2,60,1,,1
CUST00899,Dormant,187,1,574.65,1,1,1,3,1.0,1.0,1.0,0.18,4,47,0,Silver,1
CUST00900,Needs Nurturing,58,2,1242.65,3,2,2,7,1.0,1.0,0.0,0.25,1,10,1,Gold,1
CUST00901,Loyal Customers,35,4,2025.21,4,4,3,11,3.0,0.3333333333333333,0.0,0.245,9,11,0,,0
CUST00902,New Customers,6,1,1318.64,5,1,2,8,0.0,0.0,0.0,0.29,5,0,1,,0
CUST00903,New Customers,42,1,632.18,4,1,1,6,1.0,1.0,0.0,0.34,13,11,0,Silver,1
CUST00904,Champions,41,7,5113.860000000001,4,5,5,14,4.0,1.0,0.2857142857142857,0.2757142857142857,7,2,2,,0
CUST00905,Champions,30,5,5594.75,4,4,5,13,2.0,1.0,0.0,0.304,11,0,1,Gold,0
CUST00906,Needs Nurturing,38,2,1449.41,4,2,2,8,0.0,0.0,0.0,0.395,3,12,0,,1
CUST00907,High-Value but Unhappy,220,3,2874.51,1,3,4,8,2.0,1.0,0.0,0.37333333333333335,2,60,0,,1
CUST00908,High-Value but Unhappy,27,2,2799.02,4,2,4,10,1.0,1.0,0.0,0.21,3,0,2,Gold,0
CUST00909,Discount Sensitive,185,1,615.14,1,1,1,3,1.0,1.0,1.0,0.49,0,32,0,,1
CUST00910,At Risk,127,1,1239.32,2,1,2,5,1.0,1.0,0.0,0.39,3,22,1,,1
CUST00911,Champions,30,9,5240.42,4,5,5,14,1.0,1.0,0.1111111111111111,0.28111111111111114,2,21,0,,0
CUST00912,At Risk,138,2,1516.54,2,2,2,6,0.0,0.0,0.0,0.315,0,35,2,,1
CUST00913,At Risk,183,3,1818.9,1,3,3,7,1.0,1.0,0.0,0.37333333333333335,1,38,1,,1
CUST00914,Loyal Customers,36,3,1633.9099999999999,4,3,3,10,0.0,0.0,0.0,0.4266666666666667,13,8,0,Gold,0
CUST00915,At Risk,113,4,2277.22,2,4,3,9,2.0,0.5,0.0,0.25,1,26,0,Silver,1
CUST00916,Champions,20,5,4003.46,5,4,4,13,2.0,0.5,0.2,0.202,9,0,1,,0
CUST00917,At Risk,286,3,1704.79,1,3,3,7,1.0,1.0,0.0,0.2833333333333333,1,60,1,,1
CUST00918,At Risk,236,2,1142.22,1,2,2,5,1.0,0.0,0.0,0.38,1,43,0,,1
CUST00919,Needs Nurturing,10,2,1976.3400000000001,5,2,3,10,1.0,1.0,0.0,0.23,13,5,0,,0
CUST00920,Loyal Customers,66,4,3650.77,3,4,4,11,2.0,1.0,0.5,0.27749999999999997,12,12,3,,1
CUST00921,At Risk,195,1,1335.06,1,1,2,4,1.0,1.0,1.0,0.1,3,49,0,Gold,1
CUST00922,New Customers,11,1,1131.6,5,1,2,8,0.0,0.0,0.0,0.19,9,2,3,,0
CUST00923,Loyal Customers,57,7,4149.83,3,5,5,13,2.0,0.5,0.0,0.27714285714285714,8,16,0,Silver,1
CUST00924,Champions,44,4,3018.21,4,4,4,12,0.0,0.0,0.0,0.3525,1,17,1,,0
CUST00925,New Customers,44,1,464.59,4,1,1,6,1.0,1.0,0.0,0.3,6,0,0,,0
CUST00926,Loyal Customers,1,3,1704.96,5,3,3,11,1.0,1.0,0.0,0.21,5,2,0,Platinum,0
CUST00927,Dormant,343,1,617.86,1,1,1,3,0.0,0.0,0.0,0.36,1,60,0,Platinum,1
CUST00928,Discount Sensitive,229,1,325.55,1,1,1,3,0.0,0.0,0.0,0.53,1,60,2,,1
CUST00929,New Customers,43,1,325.51,4,1,1,6,0.0,0.0,0.0,0.11,5,10,1,,0
CUST00930,Loyal Customers,59,4,2336.4900000000002,3,4,3,10,1.0,1.0,0.25,0.355,9,8,0,Gold,0
CUST00931,New Customers,30,1,1030.44,4,1,2,7,0.0,0.0,0.0,0.36,11,9,0,,0
CUST00932,Needs Nurturing,83,1,688.68,3,1,1,5,1.0,1.0,1.0,0.2,12,29,0,Gold,1
CUST00933,At Risk,205,3,2102.12,1,3,3,7,0.0,0.0,0.0,0.22666666666666666,0,41,0,Silver,1
CUST00934,Champions,44,10,6237.47,4,5,5,14,3.0,0.3333333333333333,0.1,0.258,4,15,1,,1
CUST00935,Champions,28,5,3594.4,4,4,4,12,0.0,0.0,0.0,0.352,7,9,0,Gold,0
CUST00936,Needs Nurturing,35,2,2188.31,4,2,3,9,1.0,1.0,0.0,0.18,3,3,1,Silver,0
CUST00937,High-Value but Unhappy,126,5,3342.44,2,4,4,10,1.0,1.0,0.0,0.16999999999999998,2,10,2,,1
CUST00938,Loyal Customers,26,3,4729.23,4,3,5,12,1.0,1.0,0.0,0.2933333333333334,2,0,0,,1
CUST00939,New Customers,9,1,560.91,5,1,1,7,0.0,0.0,0.0,0.18,7,0,2,,0
CUST00940,At Risk,236,2,1727.24,1,2,3,6,2.0,1.0,1.0,0.14500000000000002,0,49,0,,0
CUST00941,High-Value but Unhappy,183,5,3758.0600000000004,1,4,4,9,2.0,1.0,0.0,0.294,6,46,1,,1
CUST00942,New Customers,7,1,407.18,5,1,1,7,1.0,1.0,1.0,0.35,4,5,1,,1
CUST00943,At Risk,346,5,3965.95,1,4,4,9,0.0,0.0,0.0,0.304,2,60,0,Silver,1
CUST00944,Loyal Customers,74,6,4456.65,3,5,5,13,1.0,1.0,0.16666666666666666,0.24833333333333332,1,15,1,Gold,1
CUST00945,New Customers,4,1,1143.18,5,1,2,8,0.0,0.0,0.0,0.14,5,0,0,,0
CUST00946,Dormant,173,1,542.29,1,1,1,3,0.0,0.0,0.0,0.39,4,35,5,,1
CUST00947,Champions,41,9,8603.45,4,5,5,14,2.0,1.0,0.1111111111111111,0.16333333333333333,0,19,0,,0
CUST00948,Needs Nurturing,79,1,923.64,3,1,2,6,0.0,0.0,0.0,0.1,11,19,0,,1
CUST00949,At Risk,130,2,1269.04,2,2,2,6,0.0,0.0,0.0,0.14500000000000002,2,17,0,,1
CUST00950,High-Value but Unhappy,209,3,3765.9,1,3,4,8,1.0,1.0,0.0,0.16666666666666666,5,50,0,,1
CUST00951,Needs Nurturing,62,1,602.19,3,1,1,5,0.0,0.0,0.0,0.12,6,6,2,Gold,0
CUST00952,Champions,42,8,4710.47,4,5,5,14,0.0,0.0,0.0,0.33625,16,13,4,Gold,0
CUST00953,Loyal Customers,9,3,1925.94,5,3,3,11,1.0,1.0,0.3333333333333333,0.38999999999999996,5,0,2,Silver,0
CUST00954,Discount Sensitive,25,2,769.86,4,2,1,7,0.0,0.0,0.0,0.475,12,5,2,,0
CUST00955,Needs Nurturing,63,2,748.92,3,2,1,6,0.0,0.0,0.0,0.145,4,16,0,,1
CUST00956,Champions,31,7,5800.25,4,5,5,14,2.0,1.0,0.0,0.3028571428571429,10,15,1,Gold,0
CUST00957,Needs Nurturing,37,3,1481.5,4,3,2,9,1.0,1.0,0.3333333333333333,0.26,5,6,0,,0
CUST00958,At Risk,160,2,1033.42,1,2,2,5,1.0,0.0,0.0,0.27,2,23,0,Silver,1
CUST00959,Loyal Customers,63,7,3865.13,3,5,4,12,1.0,1.0,0.14285714285714285,0.3085714285714286,0,20,0,Silver,1
CUST00960,High-Value but Unhappy,146,4,3772.4900000000002,2,4,4,10,2.0,0.5,0.25,0.2125,1,16,0,,1
CUST00961,High-Value but Unhappy,151,6,4247.5599999999995,1,5,5,11,1.0,1.0,0.16666666666666666,0.35333333333333333,2,43,0,,0
CUST00962,New Customers,22,1,349.41,4,1,1,6,1.0,1.0,1.0,0.26,9,19,0,,1
CUST00963,Needs Nurturing,103,1,641.2,2,1,1,4,0.0,0.0,0.0,0.34,9,20,1,,1
CUST00964,At Risk,219,3,2167.08,1,3,3,7,0.0,0.0,0.0,0.25,0,47,0,,1
CUST00965,Needs Nurturing,8,2,507.14,5,2,1,8,2.0,0.5,0.0,0.31,5,1,0,Silver,0
CUST00966,New Customers,40,1,2196.79,4,1,3,8,1.0,0.0,0.0,0.3,4,19,2,,0
CUST00967,At Risk,218,2,2065.27,1,2,3,6,1.0,1.0,0.5,0.29000000000000004,2,53,0,,1
CUST00968,High-Value but Unhappy,98,6,6505.79,2,5,5,12,1.0,1.0,0.0,0.29,12,4,0,,1
CUST00969,Champions,31,4,2654.59,4,4,4,12,1.0,1.0,0.0,0.3025,14,16,4,Gold,0
CUST00970,At Risk,188,3,1607.64,1,3,3,7,1.0,0.0,0.0,0.41,6,15,3,,1
CUST00971,Loyal Customers,62,8,5099.62,3,5,5,13,1.0,1.0,0.0,0.285,20,9,2,,0
CUST00972,Loyal Customers,64,5,5941.2,3,4,5,12,1.0,1.0,0.0,0.27799999999999997,5,8,4,,0
CUST00973,Champions,22,7,2980.9700000000003,4,5,4,13,2.0,0.5,0.0,0.27285714285714285,4,4,0,Silver,0
CUST00974,Loyal Customers,79,5,3559.55,3,4,4,11,2.0,1.0,0.2,0.264,11,12,0,Gold,0
CUST00975,Loyal Customers,50,4,2517.6099999999997,3,4,3,10,0.0,0.0,0.0,0.3075,11,4,0,Silver,0
CUST00976,Champions,5,7,5735.389999999999,5,5,5,15,2.0,1.0,0.14285714285714285,0.33,9,4,3,,0
CUST00977,Needs Nurturing,5,2,1375.4499999999998,5,2,2,9,0.0,0.0,0.0,0.255,9,8,2,,0
CUST00978,Dormant,307,1,725.16,1,1,1,3,1.0,1.0,0.0,0.38,0,56,0,,1
CUST00979,High-Value but Unhappy,103,8,6304.8099999999995,2,5,5,12,1.0,1.0,0.0,0.27999999999999997,5,28,0,Silver,1
CUST00980,Needs Nurturing,81,1,492.33,3,1,1,5,0.0,0.0,0.0,0.26,4,21,1,Silver,1
CUST00981,High-Value but Unhappy,103,8,6263.0,2,5,5,12,1.0,1.0,0.0,0.31125,6,22,0,Gold,0
CUST00982,At Risk,90,4,1862.8899999999999,2,4,3,9,3.0,1.0,0.0,0.32999999999999996,4,11,2,,0
CUST00983,At Risk,256,2,1982.29,1,2,3,6,1.0,0.0,0.0,0.10500000000000001,1,43,0,,1
CUST00984,Needs Nurturing,44,2,1055.25,4,2,2,8,0.0,0.0,0.0,0.22999999999999998,3,3,0,Silver,0
CUST00985,Needs Nurturing,85,1,734.6,3,1,1,5,1.0,1.0,0.0,0.15,5,20,0,,1
CUST00986,Loyal Customers,62,5,3357.17,3,4,4,11,0.0,0.0,0.0,0.33799999999999997,1,3,0,,0
CUST00987,Champions,7,5,5784.1,5,4,5,14,1.0,1.0,0.0,0.3,2,0,0,Gold,0
CUST00988,Champions,3,6,4188.58,5,5,5,15,0.0,0.0,0.0,0.18666666666666668,3,1,0,,0
CUST00989,At Risk,158,5,4165.87,1,4,5,10,0.0,0.0,0.0,0.22999999999999998,0,47,0,,1
CUST00990,High-Value but Unhappy,167,8,6096.85,1,5,5,11,2.0,1.0,0.125,0.31125,6,37,0,,0
CUST00991,Champions,41,11,11394.83,4,5,5,14,2.0,1.0,0.0,0.24181818181818182,9,16,1,Gold,0
CUST00992,At Risk,272,5,4442.45,1,4,5,10,0.0,0.0,0.0,0.322,6,46,3,,1
CUST00993,At Risk,164,7,6785.33,1,5,5,11,1.0,0.0,0.0,0.10714285714285714,1,39,0,,1
CUST00994,Loyal Customers,52,5,4659.69,3,4,5,12,0.0,0.0,0.0,0.366,8,5,1,Silver,0
CUST00995,At Risk,159,4,2523.84,1,4,3,8,0.0,0.0,0.0,0.33,6,33,1,,1
CUST00996,Champions,8,6,3267.7200000000003,5,5,4,14,3.0,0.6666666666666666,0.0,0.17833333333333334,14,3,0,,0
CUST00997,Dormant,180,1,325.85,1,1,1,3,1.0,1.0,0.0,0.33,4,36,1,,1
CUST00998,Loyal Customers,63,4,3519.26,3,4,4,11,0.0,0.0,0.0,0.2,6,23,0,Silver,0
CUST00999,At Risk,148,7,4930.56,1,5,5,11,2.0,0.5,0.0,0.30428571428571427,0,28,1,Silver,1
CUST01000,Loyal Customers,52,3,2789.66,3,3,4,10,1.0,1.0,0.0,0.3066666666666667,3,19,0,,0
CUST01001,At Risk,313,5,4064.54,1,4,5,10,0.0,0.0,0.0,0.22800000000000004,1,57,2,Silver,1
CUST01002,Loyal Customers,71,5,2761.33,3,4,4,11,0.0,0.0,0.0,0.22199999999999998,11,12,0,Silver,0
CUST01003,At Risk,138,1,944.62,2,1,2,5,1.0,1.0,0.0,0.32,6,43,0,,1
CUST01004,High-Value but Unhappy,215,7,5599.9,1,5,5,11,1.0,1.0,0.0,0.3385714285714286,1,49,0,,1
CUST01005,At Risk,144,1,1329.67,2,1,2,5,1.0,0.0,0.0,0.18,4,19,0,,1
CUST01006,New Customers,4,1,404.58,5,1,1,7,0.0,0.0,0.0,0.2,3,4,0,Silver,0
CUST01007,At Risk,86,4,1916.8200000000002,2,4,3,9,1.0,1.0,0.0,0.3125,5,9,2,Silver,0
CUST01008,Dormant,269,1,473.15,1,1,1,3,0.0,0.0,0.0,0.1,1,50,0,,1
CUST01009,New Customers,41,1,334.39,4,1,1,6,0.0,0.0,0.0,0.32,7,0,0,,0
CUST01010,New Customers,22,1,531.29,4,1,1,6,0.0,0.0,0.0,0.25,3,0,0,,0
CUST01011,At Risk,365,4,1951.66,1,4,3,8,0.0,0.0,0.0,0.265,4,60,0,,1
CUST01012,Champions,30,4,2561.7,4,4,4,12,2.0,1.0,0.25,0.1625,7,8,0,,0
CUST01013,At Risk,307,2,1302.3899999999999,1,2,2,5,1.0,1.0,0.5,0.255,0,53,0,,1
CUST01014,High-Value but Unhappy,137,7,3972.09,2,5,4,11,1.0,1.0,0.0,0.26857142857142857,1,23,1,,1
CUST01015,Loyal Customers,39,3,1760.74,4,3,3,10,1.0,1.0,0.0,0.09333333333333334,12,3,1,Silver,0
CUST01016,Needs Nurturing,0,2,879.1499999999999,5,2,2,9,0.0,0.0,0.0,0.245,6,1,0,Gold,0
CUST01017,High-Value but Unhappy,133,5,4886.54,2,4,5,11,2.0,1.0,0.2,0.258,3,13,0,,0
CUST01018,New Customers,4,1,403.76,5,1,1,7,1.0,0.0,0.0,0.36,10,7,1,,0
CUST01019,At Risk,290,2,1151.0900000000001,1,2,2,5,1.0,1.0,0.0,0.38,4,59,3,,1
CUST01020,Dormant,131,1,236.73,2,1,1,4,0.0,0.0,0.0,0.33,1,29,0,Silver,1
CUST01021,Needs Nurturing,15,2,1013.42,5,2,2,9,1.0,1.0,0.5,0.36,6,0,2,,0
CUST01022,Discount Sensitive,252,2,1528.4,1,2,2,5,1.0,1.0,0.0,0.455,0,40,0,,1
CUST01023,At Risk,204,1,948.21,1,1,2,4,0.0,0.0,0.0,0.24,8,47,0,Gold,1
CUST01024,New Customers,20,1,370.39,5,1,1,7,0.0,0.0,0.0,0.31,10,12,2,,0
CUST01025,Champions,29,5,6092.71,4,4,5,13,2.0,1.0,0.2,0.182,20,6,5,Platinum,0
CUST01026,Needs Nurturing,65,2,759.58,3,2,1,6,1.0,1.0,0.0,0.41500000000000004,9,17,1,,1
CUST01027,Loyal Customers,58,4,4029.9500000000003,3,4,5,12,2.0,1.0,0.0,0.175,11,12,0,,0
CUST01028,At Risk,173,1,2809.6,1,1,4,6,0.0,0.0,0.0,0.26,6,45,0,Silver,1
CUST01029,At Risk,110,3,1246.4,2,3,2,7,2.0,0.5,0.0,0.36999999999999994,3,12,0,Gold,0
CUST01030,Champions,32,11,8329.47,4,5,5,14,0.0,0.0,0.0,0.2381818181818182,10,0,2,Silver,0
CUST01031,At Risk,174,5,3089.5600000000004,1,4,4,9,1.0,0.0,0.0,0.406,4,48,0,Silver,1
CUST01032,New Customers,11,1,624.38,5,1,1,7,0.0,0.0,0.0,0.41,5,6,2,Silver,0
CUST01033,Champions,14,10,5486.38,5,5,5,15,4.0,0.75,0.2,0.37,4,0,1,,0
CUST01034,At Risk,100,9,5240.5599999999995,2,5,5,12,0.0,0.0,0.0,0.2922222222222222,9,22,2,Silver,0
CUST01035,Champions,5,7,3702.49,5,5,4,14,1.0,1.0,0.14285714285714285,0.4271428571428571,5,0,1,,0
CUST01036,At Risk,141,6,5297.63,2,5,5,12,0.0,0.0,0.0,0.17166666666666666,8,29,0,,1
CUST01037,New Customers,8,1,681.83,5,1,1,7,0.0,0.0,0.0,0.37,6,0,0,Silver,0
CUST01038,Loyal Customers,52,4,1834.46,3,4,3,10,1.0,1.0,0.0,0.2375,4,5,1,,1
CUST01039,At Risk,129,3,1893.67,2,3,3,8,2.0,0.5,0.3333333333333333,0.25666666666666665,12,26,1,,0
CUST01040,Dormant,130,1,594.23,2,1,1,4,1.0,0.0,0.0,0.31,1,26,0,,1
CUST01041,Dormant,164,1,149.0,1,1,1,3,0.0,0.0,0.0,0.35,1,34,0,Silver,0
CUST01042,New Customers,0,1,610.96,5,1,1,7,0.0,0.0,0.0,0.25,10,0,1,,0
CUST01043,Discount Sensitive,74,1,464.25,3,1,1,5,0.0,0.0,0.0,0.62,1,8,0,,1
CUST01044,Needs Nurturing,84,1,2141.49,3,1,3,7,0.0,0.0,0.0,0.22,2,21,0,,0
CUST01045,At Risk,143,2,1560.91,2,2,3,7,0.0,0.0,0.0,0.22,4,14,0,,0
CUST01046,At Risk,105,1,1032.89,2,1,2,5,1.0,1.0,0.0,0.1,1,9,0,,1
CUST01047,Needs Nurturing,149,1,389.07,1,1,1,3,0.0,0.0,0.0,0.22,2,26,0,Silver,1
CUST01048,Needs Nurturing,128,1,616.59,2,1,1,4,1.0,1.0,0.0,0.05,8,31,0,,1
CUST01049,Needs Nurturing,144,1,345.2,2,1,1,4,0.0,0.0,0.0,0.11,6,25,1,,1
CUST01050,Needs Nurturing,5,2,1629.56,5,2,3,10,0.0,0.0,0.0,0.095,8,0,0,Silver,0
CUST01051,At Risk,103,2,1390.63,2,2,2,6,1.0,1.0,0.0,0.38,7,26,3,Silver,1
CUST01052,Dormant,173,1,763.75,1,1,1,3,0.0,0.0,0.0,0.05,7,42,0,Gold,1
CUST01053,At Risk,146,2,2622.57,2,2,4,8,1.0,0.0,0.0,0.205,0,32,0,Silver,1
CUST01054,High-Value but Unhappy,176,5,2628.9300000000003,1,4,4,9,2.0,1.0,0.0,0.378,1,41,0,Silver,1
CUST01055,High-Value but Unhappy,206,4,4625.5599999999995,1,4,5,10,1.0,1.0,0.25,0.17500000000000002,12,37,3,,1
CUST01056,Loyal Customers,64,6,4860.58,3,5,5,13,2.0,1.0,0.3333333333333333,0.20833333333333334,3,3,0,,0
CUST01057,New Customers,2,1,916.36,5,1,2,8,1.0,1.0,0.0,0.18,3,10,2,,0
CUST01058,At Risk,110,3,1535.77,2,3,2,7,2.0,0.5,0.0,0.23666666666666666,1,25,1,,1
CUST01059,Needs Nurturing,146,1,601.72,2,1,1,4,1.0,1.0,0.0,0.31,5,30,0,Platinum,1
CUST01060,Needs Nurturing,52,2,1762.54,3,2,3,8,1.0,0.0,0.0,0.265,2,10,0,Silver,0
CUST01061,Loyal Customers,2,3,1789.86,5,3,3,11,0.0,0.0,0.0,0.43,11,0,1,Silver,0
CUST01062,High-Value but Unhappy,294,5,2991.27,1,4,4,9,2.0,1.0,0.0,0.194,1,50,2,Silver,1
CUST01063,Discount Sensitive,20,1,259.22,5,1,1,7,1.0,1.0,1.0,0.5,2,4,1,,0
CUST01064,Needs Nurturing,6,2,898.3599999999999,5,2,2,9,0.0,0.0,0.0,0.155,9,14,0,Silver,0
CUST01065,Needs Nurturing,3,2,1035.32,5,2,2,9,1.0,1.0,0.0,0.375,4,3,0,Silver,0
CUST01066,New Customers,11,1,816.92,5,1,2,8,0.0,0.0,0.0,0.23,2,3,2,,0
CUST01067,Needs Nurturing,25,2,1043.57,4,2,2,8,1.0,1.0,0.0,0.28,3,6,0,Platinum,0
CUST01068,At Risk,130,5,3945.95,2,4,4,10,0.0,0.0,0.0,0.292,2,16,0,Silver,1
CUST01069,New Customers,55,1,1446.51,3,1,2,6,0.0,0.0,0.0,0.26,3,13,1,Gold,0
CUST01070,Champions,11,8,5227.41,5,5,5,15,2.0,1.0,0.0,0.26625,1,4,1,,0
CUST01071,New Customers,14,1,690.61,5,1,1,7,0.0,0.0,0.0,0.17,7,3,1,,0
CUST01072,Dormant,183,1,377.27,1,1,1,3,1.0,1.0,1.0,0.3,8,40,3,,1
CUST01073,Loyal Customers,80,3,4033.7000000000003,3,3,5,11,2.0,0.5,0.3333333333333333,0.14333333333333334,5,29,0,,1
CUST01074,At Risk,114,3,1784.42,2,3,3,8,0.0,0.0,0.0,0.24,12,18,0,Gold,1
CUST01075,Needs Nurturing,26,2,1464.29,4,2,2,8,2.0,0.5,1.0,0.065,1,0,0,,1
CUST01076,Loyal Customers,83,6,2467.42,3,5,3,11,1.0,1.0,0.0,0.33166666666666667,2,6,0,Silver,0
CUST01077,Discount Sensitive,68,1,1080.77,3,1,2,6,0.0,0.0,0.0,0.45,1,22,0,,1
CUST01078,At Risk,156,2,777.22,1,2,2,5,1.0,0.0,0.0,0.24,2,39,1,Silver,1
CUST01079,At Risk,177,1,1832.92,1,1,3,5,0.0,0.0,0.0,0.1,5,33,0,,1
CUST01080,At Risk,117,3,1250.62,2,3,2,7,2.0,1.0,0.3333333333333333,0.37000000000000005,0,16,1,,1
CUST01081,Champions,19,4,4027.1899999999996,5,4,5,14,1.0,1.0,0.25,0.24,0,19,1,,0
CUST01082,New Customers,35,1,1181.66,4,1,2,7,0.0,0.0,0.0,0.34,4,0,0,,1
CUST01083,At Risk,236,2,767.05,1,2,1,4,0.0,0.0,0.0,0.35,1,49,2,,1
CUST01084,Loyal Customers,76,8,4552.1900000000005,3,5,5,13,1.0,1.0,0.0,0.2525,3,25,0,Gold,0
CUST01085,At Risk,358,1,1786.06,1,1,3,5,0.0,0.0,0.0,0.35,1,60,1,Gold,1
CUST01086,Loyal Customers,71,5,3512.67,3,4,4,11,3.0,1.0,0.2,0.354,8,0,0,Silver,0
CUST01087,New Customers,2,1,839.43,5,1,2,8,1.0,1.0,1.0,0.3,2,0,1,Silver,1
CUST01088,New Customers,0,1,361.44,5,1,1,7,0.0,0.0,0.0,0.42,8,0,1,,0
CUST01089,New Customers,25,1,337.51,4,1,1,6,0.0,0.0,0.0,0.43,2,11,0,,1
CUST01090,At Risk,144,2,1200.77,2,2,2,6,0.0,0.0,0.0,0.21000000000000002,1,35,0,,1
CUST01091,Needs Nurturing,87,1,505.4,2,1,1,4,1.0,1.0,0.0,0.29,7,8,0,,1
CUST01092,High-Value but Unhappy,196,9,7556.9,1,5,5,11,2.0,1.0,0.0,0.2833333333333333,2,15,0,,1
CUST01093,At Risk,285,3,1477.44,1,3,2,6,1.0,1.0,0.0,0.33666666666666667,5,60,0,,0
CUST01094,Loyal Customers,72,6,4050.79,3,5,5,13,3.0,0.6666666666666666,0.0,0.235,1,15,0,Silver,0
CUST01095,Needs Nurturing,41,2,1152.1100000000001,4,2,2,8,0.0,0.0,0.0,0.325,2,16,1,Gold,0
CUST01096,Champions,3,6,4814.21,5,5,5,15,2.0,0.5,0.16666666666666666,0.19666666666666666,10,11,2,Gold,0
CUST01097,At Risk,233,5,2841.22,1,4,4,9,0.0,0.0,0.0,0.25,4,45,0,,1
CUST01098,At Risk,198,2,1964.25,1,2,3,6,1.0,1.0,0.0,0.33499999999999996,3,33,0,,1
CUST01099,Champions,14,10,6243.88,5,5,5,15,0.0,0.0,0.0,0.327,9,0,2,Silver,0
CUST01100,New Customers,24,1,491.36,4,1,1,6,0.0,0.0,0.0,0.36,3,0,0,,0
CUST01101,New Customers,10,1,732.91,5,1,1,7,0.0,0.0,0.0,0.13,2,5,0,,1
CUST01102,Loyal Customers,79,7,4318.54,3,5,5,13,0.0,0.0,0.0,0.22714285714285715,7,20,0,Gold,0
CUST01103,Loyal Customers,76,4,2384.85,3,4,3,10,1.0,1.0,0.0,0.175,0,15,1,,1
CUST01104,At Risk,99,4,2069.01,2,4,3,9,1.0,1.0,0.0,0.3875,8,34,0,,0
CUST01105,Needs Nurturing,84,3,1353.63,3,3,2,8,1.0,1.0,0.0,0.21,6,17,1,,1
CUST01106,Needs Nurturing,81,1,1006.69,3,1,2,6,0.0,0.0,0.0,0.03,14,14,2,Silver,0
CUST01107,At Risk,91,2,980.0699999999999,2,2,2,6,1.0,0.0,0.0,0.32,2,20,0,,1
CUST01108,Champions,40,4,2883.75,4,4,4,12,1.0,1.0,0.0,0.3275,2,0,0,,0
CUST01109,New Customers,25,1,304.94,4,1,1,6,0.0,0.0,0.0,0.44,7,8,1,,0
CUST01110,High-Value but Unhappy,260,6,3554.06,1,5,4,10,1.0,1.0,0.0,0.37333333333333335,1,60,0,,1
CUST01111,High-Value but Unhappy,95,7,7703.55,2,5,5,12,3.0,1.0,0.0,0.2742857142857143,1,17,1,,1
CUST01112,Loyal Customers,57,4,2800.7700000000004,3,4,4,11,2.0,0.5,0.0,0.3425,5,7,1,,0
CUST01113,At Risk,107,4,1674.12,2,4,3,9,2.0,1.0,0.25,0.445,8,13,0,Silver,0
CUST01114,At Risk,147,1,831.94,2,1,2,5,0.0,0.0,0.0,0.34,1,29,0,,1
CUST01115,Champions,17,10,6722.41,5,5,5,15,5.0,0.6,0.1,0.29,4,12,0,Platinum,0
CUST01116,New Customers,54,1,2054.97,3,1,3,7,1.0,1.0,0.0,0.24,7,17,0,,0
CUST01117,Champions,42,8,5543.8,4,5,5,14,0.0,0.0,0.0,0.275,7,0,0,,0
CUST01118,At Risk,170,5,2165.5,1,4,3,8,2.0,1.0,0.2,0.32999999999999996,0,51,1,,0
CUST01119,Needs Nurturing,124,1,654.67,2,1,1,4,0.0,0.0,0.0,0.36,4,19,0,,1
CUST01120,Needs Nurturing,61,3,2357.69,3,3,3,9,1.0,1.0,0.3333333333333333,0.18333333333333335,7,22,2,,0
CUST01121,Discount Sensitive,88,1,149.0,2,1,1,4,0.0,0.0,0.0,0.64,0,0,0,Silver,0
CUST01122,New Customers,6,1,1209.05,5,1,2,8,0.0,0.0,0.0,0.23,7,16,0,Gold,0
CUST01123,At Risk,182,2,958.69,1,2,2,5,2.0,1.0,0.5,0.27,1,29,0,,1
CUST01124,At Risk,172,9,5960.1,1,5,5,11,0.0,0.0,0.0,0.34777777777777774,9,25,0,Silver,1
CUST01125,High-Value but Unhappy,245,5,4034.96,1,4,5,10,3.0,1.0,0.2,0.288,2,54,1,,1
CUST01126,Needs Nurturing,16,2,2073.54,5,2,3,10,0.0,0.0,0.0,0.30500000000000005,11,0,1,,0
CUST01127,At Risk,130,2,774.6899999999999,2,2,1,5,0.0,0.0,0.0,0.325,1,23,0,,1
CUST01128,At Risk,182,1,1108.73,1,1,2,4,0.0,0.0,0.0,0.21,4,36,0,,1
CUST01129,Dormant,157,1,675.97,1,1,1,3,0.0,0.0,0.0,0.39,7,28,0,Gold,1
CUST01130,At Risk,99,4,2506.58,2,4,3,9,2.0,1.0,0.0,0.3225,6,27,0,,1
CUST01131,Champions,22,4,3713.8100000000004,4,4,4,12,3.0,0.6666666666666666,0.0,0.27749999999999997,4,4,2,,0
CUST01132,Champions,4,6,5419.860000000001,5,5,5,15,0.0,0.0,0.0,0.215,17,0,2,,0
CUST01133,Needs Nurturing,36,2,779.1500000000001,4,2,2,8,0.0,0.0,0.0,0.30000000000000004,9,2,0,,1
CUST01134,Loyal Customers,78,6,5861.26,3,5,5,13,2.0,0.5,0.0,0.2916666666666667,13,9,0,,0
CUST01135,At Risk,93,3,3302.06,2,3,4,9,0.0,0.0,0.0,0.2733333333333334,2,18,0,,1
CUST01136,High-Value but Unhappy,97,7,3931.0,2,5,4,11,5.0,1.0,0.14285714285714285,0.2642857142857143,1,31,0,,0
CUST01137,At Risk,115,3,1483.05,2,3,2,7,3.0,0.6666666666666666,0.3333333333333333,0.4466666666666667,9,19,0,Gold,1
CUST01138,At Risk,134,5,2475.44,2,4,3,9,1.0,0.0,0.0,0.23399999999999999,2,37,0,Gold,1
CUST01139,New Customers,21,1,2270.63,4,1,3,8,0.0,0.0,0.0,0.28,4,0,0,Gold,0
CUST01140,Champions,22,5,4021.81,4,4,5,13,1.0,0.0,0.0,0.292,3,6,0,Silver,0
CUST01141,Needs Nurturing,115,1,691.6,2,1,1,4,1.0,0.0,0.0,0.19,2,29,0,Silver,1
CUST01142,Needs Nurturing,40,2,1015.4200000000001,4,2,2,8,0.0,0.0,0.0,0.26,19,6,1,Silver,0
CUST01143,New Customers,0,1,438.47,5,1,1,7,0.0,0.0,0.0,0.4,1,10,0,,0
CUST01144,Loyal Customers,38,3,3548.18,4,3,4,11,1.0,0.0,0.3333333333333333,0.3233333333333333,6,10,0,,0
CUST01145,At Risk,183,3,1800.48,1,3,3,7,1.0,1.0,0.0,0.20333333333333334,2,38,1,Platinum,1
CUST01146,Champions,23,6,5057.68,4,5,5,14,0.0,0.0,0.0,0.3383333333333334,12,6,0,,0
CUST01147,Champions,1,5,3143.68,5,4,4,13,2.0,1.0,0.2,0.374,12,3,0,,0
CUST01148,High-Value but Unhappy,128,9,6527.14,2,5,5,12,3.0,0.6666666666666666,0.1111111111111111,0.1388888888888889,1,26,0,,1
CUST01149,Loyal Customers,72,6,3722.95,3,5,4,12,1.0,1.0,0.0,0.41500000000000004,0,20,0,Silver,0
CUST01150,At Risk,167,5,2478.69,1,4,3,8,1.0,1.0,0.2,0.31599999999999995,3,35,0,Gold,1
CUST01151,High-Value but Unhappy,105,4,3131.54,2,4,4,10,1.0,1.0,0.0,0.155,1,26,1,,1
CUST01152,Champions,1,7,6158.0599999999995,5,5,5,15,1.0,1.0,0.0,0.21142857142857144,9,17,0,,0
CUST01153,New Customers,33,1,714.43,4,1,1,6,1.0,1.0,1.0,0.4,7,2,1,Gold,1
CUST01154,Loyal Customers,55,4,2889.22,3,4,4,11,0.0,0.0,0.0,0.335,11,10,3,Gold,0
CUST01155,Loyal Customers,1,4,2257.0899999999997,5,4,3,12,2.0,1.0,0.5,0.3875,12,5,0,Gold,0
CUST01156,Loyal Customers,7,4,2151.96,5,4,3,12,0.0,0.0,0.0,0.3775,5,5,0,Platinum,0
CUST01157,Champions,0,5,3696.5,5,4,4,13,2.0,0.5,0.4,0.26,7,10,1,,0
CUST01158,Loyal Customers,42,3,3891.19,4,3,4,11,1.0,0.0,0.0,0.21,11,6,0,Silver,0
CUST01159,Loyal Customers,68,5,3132.18,3,4,4,11,2.0,1.0,0.0,0.314,2,7,0,,0
CUST01160,At Risk,166,3,1700.8000000000002,1,3,3,7,1.0,1.0,0.0,0.43,2,32,0,Silver,1
CUST01161,At Risk,154,5,4953.99,1,4,5,10,2.0,0.0,0.2,0.21600000000000003,5,31,0,Gold,1
CUST01162,At Risk,175,2,2483.96,1,2,3,6,0.0,0.0,0.0,0.155,1,54,0,Gold,0
CUST01163,Dormant,375,1,379.14,1,1,1,3,1.0,1.0,0.0,0.2,3,60,0,Silver,1
CUST01164,Discount Sensitive,37,1,965.68,4,1,2,7,0.0,0.0,0.0,0.52,15,7,0,Platinum,1
CUST01165,At Risk,155,2,1690.75,1,2,3,6,0.0,0.0,0.0,0.265,5,31,0,Silver,1
CUST01166,Champions,41,4,3104.76,4,4,4,12,2.0,1.0,0.25,0.1875,2,0,0,Gold,1
CUST01167,Champions,23,8,5924.16,4,5,5,14,1.0,0.0,0.0,0.31375,3,0,0,,0
CUST01168,New Customers,14,1,510.5,5,1,1,7,0.0,0.0,0.0,0.3,8,2,2,,0
CUST01169,New Customers,54,1,1183.74,3,1,2,6,1.0,1.0,1.0,0.36,13,5,5,Gold,0
CUST01170,At Risk,139,2,1210.01,2,2,2,6,1.0,0.0,0.0,0.24000000000000002,2,41,0,,1
CUST01171,Discount Sensitive,132,1,744.73,2,1,1,4,0.0,0.0,0.0,0.51,3,28,0,,0
CUST01172,Champions,27,9,7960.78,4,5,5,14,0.0,0.0,0.0,0.2811111111111111,4,6,0,,0
CUST01173,Loyal Customers,78,5,3912.61,3,4,4,11,1.0,1.0,0.0,0.22200000000000003,9,18,0,,0
CUST01174,At Risk,89,3,1722.3700000000001,2,3,3,8,1.0,1.0,0.0,0.25,10,10,1,,1
CUST01175,Loyal Customers,48,8,5633.0,3,5,5,13,0.0,0.0,0.0,0.27,9,7,1,,0
CUST01176,Discount Sensitive,215,1,149.0,1,1,1,3,0.0,0.0,0.0,0.51,6,44,1,,1
CUST01177,Needs Nurturing,56,3,2144.58,3,3,3,9,0.0,0.0,0.0,0.27666666666666667,0,8,0,,0
CUST01178,Needs Nurturing,67,3,1298.14,3,3,2,8,0.0,0.0,0.0,0.32,10,23,1,,1
CUST01179,Needs Nurturing,108,1,536.83,2,1,1,4,0.0,0.0,0.0,0.2,5,8,0,Silver,1
CUST01180,Needs Nurturing,23,2,2328.54,4,2,3,9,2.0,1.0,1.0,0.255,2,10,1,Gold,0
CUST01181,Needs Nurturing,137,1,296.32,2,1,1,4,1.0,0.0,0.0,0.3,2,14,0,,1
CUST01182,At Risk,108,4,3106.33,2,4,4,10,0.0,0.0,0.0,0.245,8,31,0,,0
CUST01183,Loyal Customers,6,3,1498.98,5,3,2,10,1.0,1.0,0.3333333333333333,0.21,0,3,0,Silver,0
CUST01184,Loyal Customers,30,4,2161.4,4,4,3,11,0.0,0.0,0.0,0.265,5,25,1,,0
CUST01185,Champions,23,6,5763.86,4,5,5,14,2.0,1.0,0.0,0.20833333333333334,1,17,2,Silver,0
CUST01186,At Risk,153,3,2962.35,1,3,4,8,1.0,0.0,0.0,0.21666666666666667,1,36,0,,1
CUST01187,Loyal Customers,26,3,1729.96,4,3,3,10,1.0,1.0,0.0,0.39666666666666667,3,13,0,Silver,0
CUST01188,Discount Sensitive,92,2,688.52,2,2,1,5,2.0,1.0,0.5,0.5700000000000001,14,8,3,Gold,1
CUST01189,At Risk,161,3,3126.0299999999997,1,3,4,8,1.0,0.0,0.0,0.14333333333333334,7,16,0,,1
CUST01190,Champions,27,4,2968.92,4,4,4,12,0.0,0.0,0.0,0.3275,3,0,0,,0
CUST01191,Discount Sensitive,52,1,510.71,3,1,1,5,0.0,0.0,0.0,0.57,1,13,0,,1
CUST01192,Loyal Customers,24,4,2428.7599999999998,4,4,3,11,0.0,0.0,0.0,0.14250000000000002,11,14,0,,0
CUST01193,Dormant,457,1,270.13,1,1,1,3,0.0,0.0,0.0,0.32,0,60,0,Silver,1
CUST01194,Needs Nurturing,85,3,1852.1599999999999,3,3,3,9,2.0,0.5,0.3333333333333333,0.33,2,34,1,,1
CUST01195,Needs Nurturing,94,1,542.27,2,1,1,4,1.0,1.0,1.0,0.23,4,2,0,Silver,1
CUST01196,At Risk,111,3,3110.08,2,3,4,9,1.0,1.0,0.3333333333333333,0.34,9,16,1,,1
CUST01197,Discount Sensitive,77,2,406.22,3,2,1,6,0.0,0.0,0.0,0.46,3,18,3,,1
CUST01198,New Customers,31,1,592.73,4,1,1,6,1.0,0.0,0.0,0.32,5,6,0,Silver,0
CUST01199,At Risk,359,3,2144.4,1,3,3,7,1.0,1.0,0.3333333333333333,0.25666666666666665,1,60,0,Silver,1
CUST01200,New Customers,58,1,524.27,3,1,1,5,0.0,0.0,0.0,0.02,5,7,1,Platinum,0
CUST01201,High-Value but Unhappy,158,7,5885.4,1,5,5,11,4.0,1.0,0.0,0.21285714285714286,7,24,0,Platinum,1
CUST01202,Needs Nurturing,132,1,650.67,2,1,1,4,0.0,0.0,0.0,0.3,10,33,3,,1
CUST01203,Needs Nurturing,60,2,584.44,3,2,1,6,1.0,0.0,0.0,0.385,4,7,0,,0
CUST01204,Loyal Customers,81,7,4565.2699999999995,3,5,5,13,2.0,1.0,0.0,0.3085714285714286,0,17,0,Gold,0
CUST01205,At Risk,262,4,1861.62,1,4,3,8,0.0,0.0,0.0,0.4175,1,38,0,,1
CUST01206,Needs Nurturing,73,1,819.46,3,1,2,6,0.0,0.0,0.0,0.16,10,30,0,,1
CUST01207,At Risk,110,2,638.4200000000001,2,2,1,5,0.0,0.0,0.0,0.37,0,21,0,,1
CUST01208,At Risk,95,3,1407.5300000000002,2,3,2,7,0.0,0.0,0.0,0.27999999999999997,1,15,2,Silver,0
CUST01209,Champions,14,6,2839.8,5,5,4,14,1.0,1.0,0.16666666666666666,0.3016666666666667,5,1,1,,0
CUST01210,Dormant,266,1,429.55,1,1,1,3,0.0,0.0,0.0,0.34,0,54,1,Silver,1
CUST01211,Champions,5,5,3668.5099999999998,5,4,4,13,4.0,0.25,0.2,0.394,8,2,1,Platinum,0
CUST01212,Champions,20,6,5551.95,5,5,5,15,2.0,1.0,0.3333333333333333,0.3933333333333333,0,0,1,,0
CUST01213,Dormant,163,1,492.41,1,1,1,3,1.0,1.0,0.0,0.21,3,33,1,Silver,1
CUST01214,At Risk,124,4,5584.12,2,4,5,11,0.0,0.0,0.0,0.2,2,31,0,Silver,1
CUST01215,Loyal Customers,80,4,3464.2299999999996,3,4,4,11,0.0,0.0,0.0,0.2,0,25,2,,0
CUST01216,At Risk,107,1,1022.33,2,1,2,5,0.0,0.0,0.0,0.35,10,24,2,Silver,1
CUST01217,At Risk,163,2,1295.0,1,2,2,5,0.0,0.0,0.0,0.20500000000000002,6,36,0,,1
CUST01218,Champions,0,5,3872.15,5,4,4,13,1.0,1.0,0.0,0.276,6,2,0,Silver,0
CUST01219,At Risk,86,2,832.04,2,2,2,6,2.0,0.5,0.0,0.35,5,20,0,,0
CUST01220,At Risk,98,1,1095.74,2,1,2,5,0.0,0.0,0.0,0.23,1,25,0,,1
CUST01221,New Customers,13,1,405.2,5,1,1,7,0.0,0.0,0.0,0.33,6,21,0,,0
CUST01222,New Customers,18,1,1199.39,5,1,2,8,0.0,0.0,0.0,0.04,0,14,1,Silver,0
CUST01223,At Risk,118,6,3738.91,2,5,4,11,1.0,0.0,0.0,0.29,1,29,0,Gold,1
CUST01224,New Customers,33,1,1005.1,4,1,2,7,0.0,0.0,0.0,0.33,7,7,2,,1
CUST01225,Needs Nurturing,97,1,620.28,2,1,1,4,1.0,1.0,0.0,0.03,3,13,0,,1
CUST01226,Champions,37,4,2967.87,4,4,4,12,2.0,1.0,0.5,0.3025,6,14,0,Silver,1
CUST01227,Champions,43,5,2824.19,4,4,4,12,1.0,1.0,0.2,0.284,8,6,0,Silver,1
CUST01228,At Risk,212,4,2998.23,1,4,4,9,0.0,0.0,0.0,0.10750000000000001,1,28,0,Silver,1
CUST01229,At Risk,147,4,1965.74,2,4,3,9,1.0,1.0,0.25,0.235,5,8,0,,1
CUST01230,At Risk,112,2,1398.63,2,2,2,6,0.0,0.0,0.0,0.28,2,24,0,,1
CUST01231,At Risk,226,1,872.98,1,1,2,4,0.0,0.0,0.0,0.07,0,41,0,,0
CUST01232,At Risk,183,2,906.6800000000001,1,2,2,5,0.0,0.0,0.0,0.185,8,39,0,,1
CUST01233,Loyal Customers,64,7,6627.36,3,5,5,13,1.0,1.0,0.0,0.2414285714285714,8,5,0,,0
CUST01234,At Risk,115,3,2999.91,2,3,4,9,0.0,0.0,0.0,0.2733333333333334,3,32,1,,1
CUST01235,At Risk,161,5,3111.29,1,4,4,9,0.0,0.0,0.0,0.174,3,26,1,,1
CUST01236,Champions,6,10,5515.45,5,5,5,15,1.0,1.0,0.0,0.31799999999999995,8,0,0,Gold,0
CUST01237,At Risk,103,3,1474.19,2,3,2,7,1.0,1.0,0.0,0.34,1,10,0,,1
CUST01238,Loyal Customers,68,6,4787.57,3,5,5,13,1.0,1.0,0.0,0.2866666666666667,1,14,1,,0
CUST01239,Dormant,193,1,592.44,1,1,1,3,0.0,0.0,0.0,0.2,7,35,0,Silver,0
CUST01240,New Customers,19,1,434.11,5,1,1,7,0.0,0.0,0.0,0.34,10,14,2,,1
CUST01241,New Customers,38,1,185.08,4,1,1,6,0.0,0.0,0.0,0.28,9,15,0,,0
CUST01242,Champions,29,9,10650.67,4,5,5,14,2.0,0.5,0.1111111111111111,0.2677777777777778,0,15,2,Gold,0
CUST01243,Needs Nurturing,74,3,1470.48,3,3,2,8,1.0,1.0,0.0,0.2966666666666667,8,14,0,,1
CUST01244,Champions,34,5,3977.53,4,4,4,12,1.0,1.0,0.0,0.16999999999999998,7,4,0,Gold,0
CUST01245,At Risk,255,2,1283.42,1,2,2,5,0.0,0.0,0.0,0.16499999999999998,2,60,0,,1
CUST01246,High-Value but Unhappy,262,3,2938.8999999999996,1,3,4,8,1.0,1.0,0.0,0.33666666666666667,1,60,3,Silver,0
CUST01247,New Customers,3,1,1439.66,5,1,2,8,1.0,1.0,0.0,0.24,12,0,2,,0
CUST01248,At Risk,103,1,1386.38,2,1,2,5,0.0,0.0,0.0,0.31,5,15,1,,0
CUST01249,Loyal Customers,57,4,2733.47,3,4,4,11,0.0,0.0,0.0,0.2025,12,11,4,Platinum,0
CUST01250,Dormant,175,1,612.27,1,1,1,3,1.0,1.0,0.0,0.34,0,35,2,Silver,0
CUST01251,Loyal Customers,52,11,6352.58,3,5,5,13,4.0,1.0,0.18181818181818182,0.33,3,10,1,,1
CUST01252,Champions,38,4,2575.58,4,4,4,12,0.0,0.0,0.0,0.365,1,18,0,Gold,1
CUST01253,At Risk,99,2,2035.62,2,2,3,7,0.0,0.0,0.0,0.15,13,27,1,,1
CUST01254,Needs Nurturing,76,2,2465.71,3,2,3,8,1.0,1.0,0.0,0.44499999999999995,3,4,0,Silver,0
CUST01255,Needs Nurturing,78,1,2060.75,3,1,3,7,1.0,1.0,0.0,0.11,8,15,0,,0
CUST01256,Dormant,286,1,564.83,1,1,1,3,1.0,1.0,0.0,0.21,3,56,1,,1
CUST01257,Champions,27,5,3430.98,4,4,4,12,2.0,0.5,0.2,0.316,4,4,0,Silver,1
CUST01258,High-Value but Unhappy,250,7,4454.38,1,5,5,11,1.0,1.0,0.0,0.35000000000000003,7,60,0,Silver,1
CUST01259,High-Value but Unhappy,94,6,4645.31,2,5,5,12,3.0,0.6666666666666666,0.3333333333333333,0.3066666666666667,0,10,0,Silver,1
CUST01260,New Customers,9,1,913.67,5,1,2,8,0.0,0.0,0.0,0.02,4,8,0,,0
CUST01261,New Customers,18,1,345.05,5,1,1,7,0.0,0.0,0.0,0.28,1,0,0,Gold,0
CUST01262,Discount Sensitive,25,1,195.09,4,1,1,6,0.0,0.0,0.0,0.57,11,9,2,Silver,1
CUST01263,Champions,32,9,6440.45,4,5,5,14,3.0,0.6666666666666666,0.1111111111111111,0.28444444444444444,5,24,1,Platinum,0
CUST01264,Needs Nurturing,51,2,2890.16,3,2,4,9,0.0,0.0,0.0,0.28,6,16,1,Silver,1
CUST01265,Needs Nurturing,15,2,1398.17,5,2,2,9,0.0,0.0,0.0,0.42000000000000004,12,10,0,Silver,0
CUST01266,Loyal Customers,51,6,4779.33,3,5,5,13,2.0,1.0,0.16666666666666666,0.11,8,17,0,,0
CUST01267,Loyal Customers,58,8,5703.88,3,5,5,13,1.0,1.0,0.0,0.1975,2,26,1,Silver,0
CUST01268,Champions,19,7,6083.44,5,5,5,15,2.0,1.0,0.14285714285714285,0.19,5,2,2,,1
CUST01269,New Customers,57,1,534.09,3,1,1,5,0.0,0.0,0.0,0.08,4,18,1,,0
CUST01270,New Customers,57,1,309.87,3,1,1,5,1.0,1.0,0.0,0.43,4,20,0,,0
CUST01271,New Customers,12,1,529.98,5,1,1,7,0.0,0.0,0.0,0.31,8,5,0,,0
CUST01272,New Customers,44,1,1860.0,4,1,3,8,0.0,0.0,0.0,0.27,1,8,0,,0
CUST01273,At Risk,149,2,1602.01,1,2,3,6,1.0,1.0,0.0,0.315,1,22,0,,1
CUST01274,Champions,25,7,5246.08,4,5,5,14,3.0,0.6666666666666666,0.0,0.3657142857142857,15,0,0,Gold,0
CUST01275,Loyal Customers,34,3,2647.93,4,3,4,11,1.0,0.0,0.0,0.26666666666666666,14,0,2,,0
CUST01276,At Risk,120,4,2151.47,2,4,3,9,1.0,1.0,0.25,0.33,3,22,0,Silver,0
CUST01277,At Risk,99,5,3500.13,2,4,4,10,0.0,0.0,0.0,0.31,6,12,2,,1
CUST01278,Loyal Customers,65,4,2385.52,3,4,3,10,1.0,1.0,0.25,0.25,1,6,0,Silver,0
CUST01279,At Risk,101,1,1494.42,2,1,2,5,1.0,1.0,1.0,0.35,3,31,1,Silver,1
CUST01280,Champions,35,8,8071.46,4,5,5,14,0.0,0.0,0.0,0.3025,5,0,0,Silver,0
CUST01281,At Risk,215,3,1971.02,1,3,3,7,0.0,0.0,0.0,0.3233333333333333,4,43,0,,1
CUST01282,Needs Nurturing,78,1,499.65,3,1,1,5,1.0,0.0,0.0,0.2,5,22,0,Silver,1
CUST01283,Champions,40,10,6697.49,4,5,5,14,3.0,1.0,0.1,0.31999999999999995,7,0,0,,1
CUST01284,High-Value but Unhappy,192,5,4033.89,1,4,5,10,1.0,1.0,0.0,0.336,1,25,0,,1
CUST01285,High-Value but Unhappy,124,8,6478.76,2,5,5,12,1.0,1.0,0.0,0.255,3,36,0,,1
CUST01286,At Risk,226,3,2241.96,1,3,3,7,0.0,0.0,0.0,0.26,2,45,0,Platinum,0
CUST01287,At Risk,89,3,1584.08,2,3,3,8,1.0,0.0,0.0,0.36999999999999994,3,14,0,,0
CUST01288,Dormant,132,1,486.14,2,1,1,4,0.0,0.0,0.0,0.38,0,25,0,,1
CUST01289,New Customers,3,1,742.76,5,1,1,7,0.0,0.0,0.0,0.18,9,7,2,Gold,0
CUST01290,Needs Nurturing,53,2,1164.42,3,2,2,7,0.0,0.0,0.0,0.26,9,15,0,,0
CUST01291,At Risk,193,4,2476.76,1,4,3,8,1.0,1.0,0.25,0.28250000000000003,3,29,0,,0
CUST01292,Needs Nurturing,41,2,2412.52,4,2,3,9,0.0,0.0,0.0,0.155,3,24,0,Silver,0
CUST01293,Champions,15,7,5039.13,5,5,5,15,1.0,1.0,0.0,0.2657142857142857,0,1,0,Gold,0
CUST01294,Discount Sensitive,3,1,750.26,5,1,1,7,0.0,0.0,0.0,0.45,9,0,0,Silver,0
CUST01295,High-Value but Unhappy,121,4,12408.61,2,4,5,11,1.0,1.0,0.25,0.155,11,20,0,Platinum,1
CUST01296,Needs Nurturing,16,2,1024.56,5,2,2,9,0.0,0.0,0.0,0.355,2,15,0,,0
CUST01297,Loyal Customers,2,4,1798.5700000000002,5,4,3,12,2.0,1.0,0.0,0.27,6,4,0,Silver,0
CUST01298,At Risk,329,4,1161.46,1,4,2,7,1.0,1.0,0.25,0.3525,0,60,0,,1
CUST01299,At Risk,171,3,2011.06,1,3,3,7,0.0,0.0,0.0,0.20333333333333337,8,35,0,,1
CUST01300,Champions,46,7,4203.76,4,5,5,14,1.0,0.0,0.0,0.33428571428571424,10,6,0,,0
CUST01301,Loyal Customers,85,4,1662.8999999999999,3,4,3,10,2.0,0.5,0.0,0.38,4,25,0,,1
CUST01302,Champions,1,8,6399.610000000001,5,5,5,15,0.0,0.0,0.0,0.2425,8,0,2,,0
CUST01303,Needs Nurturing,20,2,1442.63,5,2,2,9,2.0,0.5,0.0,0.28,3,0,0,,1
CUST01304,Loyal Customers,27,5,2476.58,4,4,3,11,1.0,1.0,0.0,0.238,8,0,0,Silver,0
CUST01305,Discount Sensitive,50,1,311.4,3,1,1,5,0.0,0.0,0.0,0.45,8,4,0,Silver,1
CUST01306,Loyal Customers,54,6,7388.34,3,5,5,13,1.0,0.0,0.16666666666666666,0.24,2,6,2,,0
CUST01307,At Risk,234,2,1179.22,1,2,2,5,0.0,0.0,0.0,0.22,4,38,2,,1
CUST01308,At Risk,119,3,2085.04,2,3,3,8,0.0,0.0,0.0,0.24666666666666667,5,33,1,Silver,1
CUST01309,Loyal Customers,73,6,3102.24,3,5,4,12,0.0,0.0,0.0,0.4083333333333334,2,5,0,,0
CUST01310,High-Value but Unhappy,139,5,4044.83,2,4,5,11,3.0,0.6666666666666666,0.0,0.266,8,19,1,,0
CUST01311,Champions,43,5,3799.01,4,4,4,12,1.0,1.0,0.0,0.33199999999999996,1,19,0,,0
CUST01312,Champions,14,5,4551.03,5,4,5,14,0.0,0.0,0.0,0.21600000000000003,5,0,0,Silver,0
CUST01313,Champions,4,6,7482.84,5,5,5,15,1.0,0.0,0.0,0.26666666666666666,6,0,0,,0
CUST01314,Champions,1,5,4109.4400000000005,5,4,5,14,2.0,0.5,0.2,0.246,5,0,0,,0
CUST01315,Dormant,222,1,473.31,1,1,1,3,0.0,0.0,0.0,0.29,1,52,0,,1
CUST01316,Needs Nurturing,120,1,407.44,2,1,1,4,1.0,1.0,0.0,0.25,13,14,2,,1
CUST01317,At Risk,256,4,3389.0,1,4,4,9,0.0,0.0,0.0,0.185,1,48,0,Silver,1
CUST01318,At Risk,130,2,911.45,2,2,2,6,0.0,0.0,0.0,0.1,2,24,1,Silver,1
CUST01319,Discount Sensitive,111,1,336.29,2,1,1,4,0.0,0.0,0.0,0.48,10,14,1,,0
CUST01320,At Risk,150,3,1828.6799999999998,1,3,3,7,1.0,1.0,0.3333333333333333,0.18999999999999997,6,40,1,,1
CUST01321,At Risk,99,6,2320.32,2,5,3,10,3.0,1.0,0.16666666666666666,0.3183333333333333,12,17,2,,0
CUST01322,At Risk,96,4,3476.6,2,4,4,10,0.0,0.0,0.0,0.2525,2,20,0,,1
CUST01323,At Risk,276,3,1273.29,1,3,2,6,0.0,0.0,0.0,0.43333333333333335,3,46,0,,1
CUST01324,At Risk,227,1,967.23,1,1,2,4,0.0,0.0,0.0,0.14,1,35,1,,1
CUST01325,High-Value but Unhappy,186,5,5492.81,1,4,5,10,2.0,0.5,0.0,0.22400000000000003,1,43,0,,0
CUST01326,At Risk,131,3,4393.63,2,3,5,10,0.0,0.0,0.0,0.35000000000000003,3,23,0,,1
CUST01327,Loyal Customers,83,5,6114.08,3,4,5,12,0.0,0.0,0.0,0.22799999999999998,10,4,2,,0
CUST01328,Needs Nurturing,54,2,2001.3,3,2,3,8,0.0,0.0,0.0,0.235,5,13,0,Silver,0
CUST01329,Needs Nurturing,61,3,1252.03,3,3,2,8,1.0,1.0,0.3333333333333333,0.2866666666666667,5,9,0,Silver,0
CUST01330,Champions,3,5,5048.89,5,4,5,14,1.0,1.0,0.0,0.22600000000000003,6,2,0,,0
CUST01331,Champions,14,6,5693.12,5,5,5,15,2.0,0.5,0.0,0.2833333333333333,10,0,1,,0
CUST01332,Champions,17,4,3364.3,5,4,4,13,0.0,0.0,0.0,0.28,7,6,0,Gold,0
CUST01333,New Customers,47,1,420.65,3,1,1,5,0.0,0.0,0.0,0.18,2,0,1,,1
CUST01334,At Risk,160,4,2962.17,1,4,4,9,1.0,0.0,0.0,0.1625,1,39,0,,1
CUST01335,Loyal Customers,75,4,3549.84,3,4,4,11,1.0,1.0,0.0,0.24250000000000002,6,0,0,Platinum,0
CUST01336,Needs Nurturing,1,2,910.6700000000001,5,2,2,9,0.0,0.0,0.0,0.22999999999999998,0,0,0,Gold,1
CUST01337,New Customers,49,1,793.95,3,1,2,6,0.0,0.0,0.0,0.32,14,18,1,,0
CUST01338,New Customers,7,1,232.88,5,1,1,7,1.0,1.0,1.0,0.43,14,0,0,,1
CUST01339,Dormant,162,1,450.33,1,1,1,3,1.0,0.0,0.0,0.26,3,37,0,Gold,1
CUST01340,Needs Nurturing,76,1,624.33,3,1,1,5,0.0,0.0,0.0,0.07,5,16,0,,1
CUST01341,New Customers,38,1,395.13,4,1,1,6,0.0,0.0,0.0,0.23,5,26,0,,1
CUST01342,Needs Nurturing,84,3,2125.98,3,3,3,9,0.0,0.0,0.0,0.2966666666666667,10,23,0,,1
CUST01343,Champions,4,6,3668.71,5,5,4,14,1.0,1.0,0.0,0.18666666666666668,3,7,0,,0
CUST01344,At Risk,395,1,1054.04,1,1,2,4,0.0,0.0,0.0,0.28,3,60,0,,1
CUST01345,New Customers,38,1,2465.11,4,1,3,8,0.0,0.0,0.0,0.26,7,3,0,,0
CUST01346,Champions,38,10,6605.54,4,5,5,14,2.0,0.5,0.0,0.363,5,17,1,Silver,0
CUST01347,Needs Nurturing,128,1,316.63,2,1,1,4,0.0,0.0,0.0,0.39,3,27,0,,1
CUST01348,At Risk,140,4,2160.61,2,4,3,9,1.0,1.0,0.25,0.245,3,22,0,Silver,1
CUST01349,Needs Nurturing,83,2,2446.67,3,2,3,8,0.0,0.0,0.0,0.20500000000000002,0,22,2,,0
CUST01350,At Risk,190,2,1242.73,1,2,2,5,1.0,1.0,0.0,0.215,1,26,0,Gold,1
CUST01351,New Customers,30,1,542.87,4,1,1,6,1.0,1.0,1.0,0.42,7,0,0,,1
CUST01352,High-Value but Unhappy,123,7,5877.57,2,5,5,12,2.0,1.0,0.14285714285714285,0.3614285714285714,1,31,0,,1
CUST01353,Needs Nurturing,73,1,597.26,3,1,1,5,1.0,1.0,0.0,0.23,1,19,1,,0
CUST01354,Needs Nurturing,2,2,1041.99,5,2,2,9,1.0,0.0,0.0,0.355,10,0,0,Platinum,0
CUST01355,Needs Nurturing,88,1,547.04,2,1,1,4,0.0,0.0,0.0,0.3,2,28,0,Silver,0
CUST01356,Needs Nurturing,42,2,1149.21,4,2,2,8,1.0,1.0,0.0,0.265,0,17,0,,1
CUST01357,At Risk,126,6,4681.22,2,5,5,12,0.0,0.0,0.0,0.35000000000000003,2,23,0,,1
CUST01358,New Customers,18,1,862.52,5,1,2,8,0.0,0.0,0.0,0.32,14,3,3,,0
CUST01359,High-Value but Unhappy,106,5,3628.17,2,4,4,10,3.0,1.0,0.0,0.274,3,15,1,,1
CUST01360,At Risk,160,8,12310.69,1,5,5,11,2.0,0.0,0.0,0.395,6,35,2,Silver,1
CUST01361,New Customers,5,1,805.77,5,1,2,8,0.0,0.0,0.0,0.21,6,0,0,,0
CUST01362,Loyal Customers,80,4,2803.19,3,4,4,11,2.0,1.0,0.0,0.32,16,6,1,Silver,1
CUST01363,Loyal Customers,83,4,3031.55,3,4,4,11,0.0,0.0,0.0,0.295,7,11,2,Gold,0
CUST01364,At Risk,148,1,1261.0,1,1,2,4,0.0,0.0,0.0,0.2,3,35,0,Silver,1
CUST01365,At Risk,247,2,749.98,1,2,1,4,0.0,0.0,0.0,0.36,1,47,0,,1
CUST01366,High-Value but Unhappy,98,6,3862.08,2,5,4,11,1.0,1.0,0.0,0.4466666666666666,4,30,0,Gold,1
CUST01367,New Customers,56,1,363.62,3,1,1,5,1.0,1.0,0.0,0.23,8,16,1,Silver,1
CUST01368,Dormant,308,1,498.64,1,1,1,3,0.0,0.0,0.0,0.33,8,60,3,,1
CUST01369,New Customers,24,1,477.43,4,1,1,6,1.0,1.0,1.0,0.2,10,11,2,Silver,0
CUST01370,At Risk,161,3,3575.2599999999998,1,3,4,8,0.0,0.0,0.0,0.18333333333333335,2,35,0,,0
CUST01371,Needs Nurturing,8,2,2334.49,5,2,3,10,1.0,1.0,0.0,0.225,6,2,0,,0
CUST01372,Needs Nurturing,71,1,366.8,3,1,1,5,1.0,1.0,1.0,0.1,5,31,0,Silver,1
CUST01373,Discount Sensitive,45,1,291.54,4,1,1,6,0.0,0.0,0.0,0.6,4,10,0,,1
CUST01374,Needs Nurturing,88,1,282.0,2,1,1,4,0.0,0.0,0.0,0.19,5,24,0,,1
CUST01375,Needs Nurturing,64,3,2044.1399999999999,3,3,3,9,0.0,0.0,0.0,0.21,4,27,3,Silver,0
CUST01376,New Customers,34,1,541.57,4,1,1,6,0.0,0.0,0.0,0.02,6,18,0,,0
CUST01377,New Customers,9,1,387.27,5,1,1,7,1.0,1.0,0.0,0.39,10,0,0,,0
CUST01378,Needs Nurturing,117,1,348.74,2,1,1,4,0.0,0.0,0.0,0.16,14,21,0,,1
CUST01379,At Risk,186,1,2392.34,1,1,3,5,0.0,0.0,0.0,0.0,6,40,1,Silver,1
CUST01380,Champions,44,5,2855.06,4,4,4,12,1.0,1.0,0.0,0.316,1,11,1,,0
CUST01381,Champions,2,8,5555.42,5,5,5,15,0.0,0.0,0.0,0.24125000000000002,11,0,3,Gold,0
CUST01382,Loyal Customers,4,3,1589.74,5,3,3,11,1.0,1.0,0.3333333333333333,0.16666666666666666,5,0,1,,1
CUST01383,Loyal Customers,13,4,2106.63,5,4,3,12,1.0,1.0,0.0,0.1975,14,3,0,Silver,0
CUST01384,High-Value but Unhappy,145,6,7520.42,2,5,5,12,2.0,1.0,0.16666666666666666,0.2733333333333334,5,24,0,,1
CUST01385,Champions,0,5,2613.37,5,4,4,13,1.0,1.0,0.2,0.372,10,4,4,,0
CUST01386,Champions,14,6,7173.83,5,5,5,15,4.0,1.0,0.16666666666666666,0.2316666666666667,5,0,0,Gold,0
CUST01387,At Risk,128,7,6963.04,2,5,5,12,0.0,0.0,0.0,0.23,2,30,0,,1
CUST01388,Needs Nurturing,70,2,3498.38,3,2,4,9,0.0,0.0,0.0,0.305,1,11,0,,1
CUST01389,Loyal Customers,70,4,2967.57,3,4,4,11,1.0,1.0,0.0,0.23,5,3,2,,0
CUST01390,Champions,9,4,3249.7799999999997,5,4,4,13,0.0,0.0,0.0,0.1325,11,6,1,,0
CUST01391,At Risk,94,3,3715.46,2,3,4,9,1.0,0.0,0.0,0.16,11,20,1,,0
CUST01392,New Customers,16,1,1415.53,5,1,2,8,0.0,0.0,0.0,0.25,2,3,1,,0
CUST01393,Loyal Customers,85,4,2203.42,3,4,3,10,0.0,0.0,0.0,0.26,0,18,1,,1
CUST01394,Champions,16,5,5665.21,5,4,5,14,0.0,0.0,0.0,0.372,15,6,1,,0
CUST01395,Champions,32,6,6043.93,4,5,5,14,0.0,0.0,0.0,0.3466666666666667,4,9,0,,0
CUST01396,At Risk,127,1,826.44,2,1,2,5,1.0,0.0,0.0,0.35,2,21,0,,1
CUST01397,Champions,4,7,6176.97,5,5,5,15,1.0,1.0,0.0,0.18571428571428572,12,0,0,,0
CUST01398,New Customers,57,1,1672.19,3,1,3,7,1.0,1.0,1.0,0.12,6,0,0,,1
CUST01399,Champions,19,7,4005.24,5,5,4,14,2.0,1.0,0.14285714285714285,0.35428571428571426,10,6,1,Silver,0
CUST01400,At Risk,134,2,863.9,2,2,2,6,0.0,0.0,0.0,0.195,1,38,0,,1
CUST01401,Needs Nurturing,75,2,1991.48,3,2,3,8,0.0,0.0,0.0,0.19,3,23,0,,0
CUST01402,At Risk,254,2,1474.48,1,2,2,5,1.0,1.0,0.0,0.265,0,47,2,,1
CUST01403,At Risk,329,4,2287.41,1,4,3,8,0.0,0.0,0.0,0.14,1,53,0,,1
CUST01404,High-Value but Unhappy,202,9,6788.52,1,5,5,11,2.0,1.0,0.1111111111111111,0.22333333333333336,12,24,1,Gold,1
CUST01405,At Risk,140,3,2413.52,2,3,3,8,0.0,0.0,0.0,0.3133333333333333,2,20,0,Gold,0
CUST01406,At Risk,222,5,5888.31,1,4,5,10,1.0,0.0,0.0,0.21400000000000002,2,46,0,Gold,1
CUST01407,At Risk,139,3,1992.79,2,3,3,8,2.0,1.0,0.0,0.18333333333333335,3,17,0,Silver,1
CUST01408,At Risk,307,2,792.08,1,2,2,5,0.0,0.0,0.0,0.41000000000000003,0,60,0,Silver,1
CUST01409,Champions,26,5,3035.77,4,4,4,12,2.0,1.0,0.2,0.388,1,0,0,Gold,0
CUST01410,At Risk,146,8,6063.07,2,5,5,12,1.0,0.0,0.0,0.3875,11,18,0,,0
CUST01411,High-Value but Unhappy,183,5,3777.5,1,4,4,9,2.0,0.5,0.0,0.398,0,51,0,,0
CUST01412,Needs Nurturing,91,1,348.68,2,1,1,4,0.0,0.0,0.0,0.34,9,9,0,,1
CUST01413,Dormant,234,1,623.43,1,1,1,3,0.0,0.0,0.0,0.2,2,39,0,,1
CUST01414,Champions,30,4,2862.6,4,4,4,12,2.0,1.0,0.0,0.225,10,17,1,Silver,0
CUST01415,New Customers,9,1,509.5,5,1,1,7,0.0,0.0,0.0,0.29,9,0,0,,0
CUST01416,Loyal Customers,50,6,4155.25,3,5,5,13,5.0,0.8,0.5,0.24833333333333332,11,20,2,Gold,0
CUST01417,High-Value but Unhappy,149,7,3650.18,1,5,4,10,2.0,0.5,0.0,0.27714285714285714,3,26,0,,1
CUST01418,At Risk,176,2,1190.06,1,2,2,5,0.0,0.0,0.0,0.42500000000000004,10,35,1,Gold,1
CUST01419,Loyal Customers,41,3,2210.94,4,3,3,10,0.0,0.0,0.0,0.3066666666666667,1,11,0,,0
CUST01420,Loyal Customers,67,4,4338.21,3,4,5,12,1.0,0.0,0.0,0.3225,14,14,1,,0
CUST01421,New Customers,46,1,1155.37,4,1,2,7,1.0,1.0,1.0,0.25,16,30,0,,1
CUST01422,Loyal Customers,58,4,2154.09,3,4,3,10,1.0,1.0,0.25,0.16,3,17,0,Silver,0
CUST01423,Needs Nurturing,41,2,840.3499999999999,4,2,2,8,0.0,0.0,0.0,0.29000000000000004,5,11,0,Silver,0
CUST01424,At Risk,93,1,2318.97,2,1,3,6,0.0,0.0,0.0,0.43,3,24,0,Gold,0
CUST01425,New Customers,48,1,1148.76,3,1,2,6,0.0,0.0,0.0,0.32,3,5,1,Silver,1
CUST01426,New Customers,24,1,872.32,4,1,2,7,0.0,0.0,0.0,0.28,8,0,0,,0
CUST01427,Champions,5,7,4513.07,5,5,5,15,4.0,1.0,0.14285714285714285,0.40857142857142853,11,9,2,Gold,0
CUST01428,New Customers,51,1,888.61,3,1,2,6,1.0,1.0,1.0,0.41,15,13,1,,0
CUST01429,Loyal Customers,53,6,4315.58,3,5,5,13,3.0,1.0,0.16666666666666666,0.38166666666666665,4,3,2,,0
CUST01430,Loyal Customers,5,3,2362.84,5,3,3,11,3.0,0.3333333333333333,0.3333333333333333,0.26666666666666666,11,3,0,Silver,0
CUST01431,Needs Nurturing,12,2,2482.59,5,2,3,10,1.0,1.0,0.5,0.16999999999999998,6,5,1,Silver,1
CUST01432,At Risk,102,3,1075.54,2,3,2,7,1.0,0.0,0.0,0.20666666666666667,2,25,0,,1
CUST01433,At Risk,108,4,2386.67,2,4,3,9,1.0,1.0,0.25,0.37,8,36,0,Gold,1
CUST01434,Champions,5,6,2875.38,5,5,4,14,2.0,1.0,0.16666666666666666,0.45999999999999996,6,4,0,,0
CUST01435,At Risk,186,1,2210.82,1,1,3,5,0.0,0.0,0.0,0.12,0,25,0,Gold,1
CUST01436,Needs Nurturing,20,2,2235.76,5,2,3,10,0.0,0.0,0.0,0.31,18,2,1,Silver,0
CUST01437,High-Value but Unhappy,246,5,4720.65,1,4,5,10,3.0,1.0,0.2,0.196,2,58,0,Silver,1
CUST01438,At Risk,157,2,2087.95,1,2,3,6,0.0,0.0,0.0,0.305,0,36,0,,1
CUST01439,Champions,0,8,8418.470000000001,5,5,5,15,2.0,1.0,0.0,0.21,7,0,0,Silver,0
CUST01440,Champions,6,6,7345.46,5,5,5,15,3.0,1.0,0.3333333333333333,0.25,3,1,0,,0
CUST01441,Dormant,322,1,472.82,1,1,1,3,0.0,0.0,0.0,0.38,1,60,2,,1
CUST01442,High-Value but Unhappy,105,4,3545.52,2,4,4,10,3.0,0.6666666666666666,0.25,0.185,9,18,1,Gold,0
CUST01443,Champions,20,6,5784.09,5,5,5,15,0.0,0.0,0.0,0.22666666666666666,1,9,0,,0
CUST01444,Needs Nurturing,32,2,1096.85,4,2,2,8,0.0,0.0,0.0,0.375,2,3,1,,1
CUST01445,High-Value but Unhappy,115,10,6651.53,2,5,5,12,1.0,1.0,0.1,0.316,2,29,0,,1
CUST01446,At Risk,132,3,2796.4,2,3,4,9,0.0,0.0,0.0,0.11,5,21,0,Gold,1
CUST01447,Champions,18,4,2901.61,5,4,4,13,0.0,0.0,0.0,0.235,13,16,0,Gold,0
CUST01448,At Risk,233,2,1268.95,1,2,2,5,1.0,1.0,0.5,0.325,1,36,0,Silver,1
CUST01449,Needs Nurturing,3,2,874.09,5,2,2,9,1.0,1.0,0.0,0.315,5,0,2,,0
CUST01450,High-Value but Unhappy,126,6,3188.3,2,5,4,11,1.0,1.0,0.16666666666666666,0.2633333333333333,2,33,0,Silver,1
CUST01451,Needs Nurturing,34,2,2411.76,4,2,3,9,1.0,1.0,0.0,0.43,13,7,0,Gold,0
CUST01452,At Risk,116,4,5779.52,2,4,5,11,0.0,0.0,0.0,0.205,10,18,0,Platinum,1
CUST01453,Loyal Customers,82,4,4084.96,3,4,5,12,1.0,0.0,0.0,0.295,7,9,1,,1
CUST01454,Needs Nurturing,70,3,2311.4700000000003,3,3,3,9,1.0,1.0,0.0,0.31666666666666665,2,13,2,,0
CUST01455,At Risk,335,3,1376.1200000000001,1,3,2,6,1.0,0.0,0.0,0.37000000000000005,0,60,0,Gold,1
CUST01456,New Customers,17,1,1158.71,5,1,2,8,1.0,0.0,0.0,0.2,7,0,0,Silver,0
CUST01457,At Risk,248,4,4798.75,1,4,5,10,0.0,0.0,0.0,0.3275,0,46,0,,1
CUST01458,New Customers,52,1,1462.88,3,1,2,6,0.0,0.0,0.0,0.13,1,0,0,Silver,1
CUST01459,Loyal Customers,68,6,4817.95,3,5,5,13,0.0,0.0,0.0,0.15333333333333335,4,18,0,Silver,0
CUST01460,At Risk,128,4,2187.99,2,4,3,9,1.0,0.0,0.0,0.20750000000000002,4,37,0,,1
CUST01461,At Risk,107,3,1996.1999999999998,2,3,3,8,0.0,0.0,0.0,0.24,3,35,0,Silver,0
CUST01462,Needs Nurturing,80,2,635.48,3,2,1,6,0.0,0.0,0.0,0.27,3,13,0,,0
CUST01463,At Risk,356,2,987.71,1,2,2,5,1.0,1.0,0.5,0.3,1,60,0,,1
CUST01464,Needs Nurturing,42,2,1743.4,4,2,3,9,0.0,0.0,0.0,0.25,13,7,3,Gold,0
CUST01465,Needs Nurturing,10,2,670.57,5,2,1,8,0.0,0.0,0.0,0.33499999999999996,16,0,0,,0
CUST01466,Loyal Customers,56,4,2864.6,3,4,4,11,2.0,1.0,0.25,0.21250000000000002,2,4,1,Silver,1
CUST01467,At Risk,89,2,649.13,2,2,1,5,0.0,0.0,0.0,0.29,5,17,0,,1
CUST01468,At Risk,166,1,1034.31,1,1,2,4,0.0,0.0,0.0,0.38,4,20,0,,1
CUST01469,New Customers,44,1,1313.43,4,1,2,7,0.0,0.0,0.0,0.17,0,0,1,Silver,0
CUST01470,High-Value but Unhappy,241,4,2987.34,1,4,4,9,2.0,0.5,0.0,0.325,1,60,0,,1
CUST01471,Loyal Customers,77,6,3471.86,3,5,4,12,3.0,0.6666666666666666,0.0,0.4066666666666667,8,21,0,Silver,1
CUST01472,Champions,0,8,4686.9800000000005,5,5,5,15,2.0,1.0,0.0,0.3325,3,0,1,Silver,0
CUST01473,Loyal Customers,48,4,2917.27,3,4,4,11,0.0,0.0,0.0,0.265,5,9,1,Silver,0
CUST01474,Needs Nurturing,61,2,959.29,3,2,2,7,2.0,1.0,0.5,0.205,8,0,0,,1
CUST01475,Needs Nurturing,114,1,650.36,2,1,1,4,1.0,1.0,0.0,0.27,0,18,0,,1
CUST01476,At Risk,127,3,1923.93,2,3,3,8,2.0,1.0,0.0,0.2066666666666667,0,29,0,Platinum,1
CUST01477,Loyal Customers,55,5,3440.74,3,4,4,11,2.0,1.0,0.0,0.346,3,13,2,Silver,0
CUST01478,Champions,40,5,5291.51,4,4,5,13,1.0,0.0,0.0,0.134,10,24,0,Silver,1
CUST01479,Loyal Customers,42,4,1777.74,4,4,3,11,0.0,0.0,0.0,0.4275,0,9,1,,0
CUST01480,Dormant,347,1,682.11,1,1,1,3,0.0,0.0,0.0,0.06,3,60,0,,1
CUST01481,At Risk,122,4,3016.96,2,4,4,10,1.0,0.0,0.0,0.2375,4,17,1,Silver,1
CUST01482,At Risk,158,5,5965.95,1,4,5,10,1.0,0.0,0.0,0.246,1,44,1,,1
CUST01483,Champions,7,8,3817.9,5,5,4,14,2.0,1.0,0.125,0.27999999999999997,5,7,0,Silver,0
CUST01484,At Risk,111,3,1606.77,2,3,3,8,0.0,0.0,0.0,0.27,1,15,0,,1
CUST01485,Loyal Customers,69,3,2973.96,3,3,4,10,1.0,1.0,0.3333333333333333,0.20000000000000004,6,17,1,,1
CUST01486,New Customers,48,1,770.52,3,1,1,5,0.0,0.0,0.0,0.23,5,10,0,,1
CUST01487,At Risk,232,5,2548.9700000000003,1,4,3,8,2.0,1.0,0.2,0.33599999999999997,1,45,1,,1
CUST01488,Champions,33,6,2851.24,4,5,4,13,2.0,1.0,0.16666666666666666,0.33,14,3,2,Gold,1
CUST01489,Champions,41,5,5689.93,4,4,5,13,1.0,1.0,0.0,0.248,9,0,0,Silver,0
CUST01490,High-Value but Unhappy,122,7,5285.2,2,5,5,12,2.0,1.0,0.14285714285714285,0.25,3,39,0,Silver,1
CUST01491,High-Value but Unhappy,87,4,4053.23,2,4,5,11,2.0,1.0,0.0,0.185,6,16,0,Silver,0
CUST01492,Loyal Customers,62,4,5478.3,3,4,5,12,3.0,0.6666666666666666,0.5,0.105,10,18,0,Silver,0
CUST01493,Needs Nurturing,10,2,807.4499999999999,5,2,2,9,0.0,0.0,0.0,0.26,0,16,0,,0
CUST01494,At Risk,265,4,1888.54,1,4,3,8,1.0,1.0,0.0,0.3825,1,56,1,,1
CUST01495,High-Value but Unhappy,89,6,3722.74,2,5,4,11,1.0,1.0,0.0,0.2733333333333334,0,7,0,Silver,0
CUST01496,New Customers,16,1,662.11,5,1,1,7,0.0,0.0,0.0,0.3,9,3,3,,0
CUST01497,Champions,35,5,3393.85,4,4,4,12,1.0,1.0,0.2,0.374,9,14,0,,0
CUST01498,Champions,12,5,3640.46,5,4,4,13,1.0,1.0,0.0,0.166,14,0,0,,0
CUST01499,At Risk,133,5,4317.6,2,4,5,11,0.0,0.0,0.0,0.27799999999999997,3,28,0,Silver,1
CUST01500,At Risk,95,4,3285.09,2,4,4,10,0.0,0.0,0.0,0.28500000000000003,8,18,0,Silver,0
CUST01501,Discount Sensitive,66,2,646.4300000000001,3,2,1,6,2.0,1.0,0.0,0.51,6,7,0,,1
CUST01502,Needs Nurturing,80,2,1331.42,3,2,2,7,1.0,1.0,0.5,0.20500000000000002,15,5,1,,0
CUST01503,At Risk,90,4,2509.01,2,4,3,9,1.0,1.0,0.25,0.23249999999999998,8,16,0,,1
CUST01504,At Risk,152,3,1436.96,1,3,2,6,2.0,1.0,0.3333333333333333,0.31666666666666665,0,32,1,,1
CUST01505,Needs Nurturing,64,1,608.83,3,1,1,5,0.0,0.0,0.0,0.4,2,1,2,,0
CUST01506,High-Value but Unhappy,140,4,2676.48,2,4,4,10,2.0,0.5,0.0,0.235,4,32,0,Silver,1
CUST01507,High-Value but Unhappy,125,5,4142.6,2,4,5,11,2.0,1.0,0.2,0.26,5,33,0,Silver,1
CUST01508,New Customers,3,1,845.65,5,1,2,8,0.0,0.0,0.0,0.26,10,3,4,Platinum,0
CUST01509,Champions,6,4,2604.54,5,4,4,13,2.0,1.0,0.25,0.3725,17,0,0,,0
CUST01510,At Risk,132,2,1667.1,2,2,3,7,0.0,0.0,0.0,0.315,7,32,2,,1
CUST01511,High-Value but Unhappy,88,4,2601.14,2,4,4,10,2.0,1.0,0.0,0.135,11,28,1,,0
CUST01512,Champions,43,7,6822.51,4,5,5,14,2.0,0.0,0.0,0.27714285714285714,3,11,0,,0
CUST01513,At Risk,131,1,1062.28,2,1,2,5,0.0,0.0,0.0,0.41,0,35,0,,1
CUST01514,Needs Nurturing,82,3,1466.5,3,3,2,8,0.0,0.0,0.0,0.2333333333333333,5,23,3,,0
CUST01515,At Risk,96,6,5632.79,2,5,5,12,0.0,0.0,0.0,0.24166666666666667,4,20,0,,0
CUST01516,Dormant,172,1,421.68,1,1,1,3,1.0,0.0,0.0,0.41,15,34,2,,1
CUST01517,At Risk,87,4,1921.46,2,4,3,9,2.0,1.0,0.25,0.2825,4,23,0,Platinum,1
CUST01518,Dormant,485,1,569.86,1,1,1,3,0.0,0.0,0.0,0.26,1,60,0,,1
CUST01519,At Risk,105,4,3686.74,2,4,4,10,0.0,0.0,0.0,0.2425,0,20,0,,0
CUST01520,New Customers,19,1,333.93,5,1,1,7,0.0,0.0,0.0,0.18,10,12,0,,0
CUST01521,Needs Nurturing,10,2,1070.1399999999999,5,2,2,9,0.0,0.0,0.0,0.2,2,0,0,,0
CUST01522,Needs Nurturing,68,1,882.29,3,1,2,6,0.0,0.0,0.0,0.33,2,16,1,,1
CUST01523,Champions,15,4,3702.2799999999997,5,4,4,13,1.0,0.0,0.25,0.3275,1,0,1,,0
CUST01524,New Customers,19,1,2078.4,5,1,3,9,1.0,1.0,0.0,0.0,5,0,1,,0
CUST01525,Loyal Customers,56,4,2175.72,3,4,3,10,0.0,0.0,0.0,0.31,1,19,0,,0
CUST01526,Champions,9,4,3305.24,5,4,4,13,2.0,1.0,0.25,0.24,7,2,2,Silver,0
CUST01527,At Risk,326,3,2802.84,1,3,4,8,0.0,0.0,0.0,0.36333333333333334,1,60,1,,1
CUST01528,Discount Sensitive,105,1,424.84,2,1,1,4,1.0,1.0,0.0,0.55,13,10,0,Gold,1
CUST01529,At Risk,194,1,1455.91,1,1,2,4,0.0,0.0,0.0,0.28,0,39,0,,1
CUST01530,High-Value but Unhappy,182,5,4146.860000000001,1,4,5,10,2.0,1.0,0.2,0.28200000000000003,7,35,2,Silver,1
CUST01531,At Risk,222,2,1077.94,1,2,2,5,2.0,1.0,0.5,0.37,3,48,1,,1
CUST01532,High-Value but Unhappy,159,6,2788.44,1,5,4,10,1.0,1.0,0.0,0.23666666666666666,6,29,1,Platinum,1
CUST01533,Dormant,167,1,697.43,1,1,1,3,0.0,0.0,0.0,0.21,6,22,0,Silver,1
CUST01534,New Customers,22,1,416.32,4,1,1,6,0.0,0.0,0.0,0.24,7,15,0,,0
CUST01535,Champions,8,8,3627.45,5,5,4,14,2.0,0.5,0.25,0.34625,9,6,4,Silver,0
CUST01536,New Customers,7,1,1059.82,5,1,2,8,1.0,1.0,0.0,0.3,2,0,0,,0
CUST01537,Needs Nurturing,123,1,355.81,2,1,1,4,0.0,0.0,0.0,0.32,3,34,0,,1
CUST01538,Needs Nurturing,80,1,346.25,3,1,1,5,0.0,0.0,0.0,0.32,8,17,1,,0
CUST01539,Dormant,158,1,643.65,1,1,1,3,1.0,1.0,0.0,0.27,0,29,0,Silver,1
CUST01540,At Risk,195,3,2546.85,1,3,3,7,1.0,1.0,0.3333333333333333,0.36333333333333334,4,29,1,Silver,1
CUST01541,Needs Nurturing,64,1,626.47,3,1,1,5,0.0,0.0,0.0,0.36,5,26,0,,0
CUST01542,Discount Sensitive,4,1,382.91,5,1,1,7,0.0,0.0,0.0,0.58,15,0,0,,0
CUST01543,At Risk,131,1,1270.64,2,1,2,5,0.0,0.0,0.0,0.3,8,31,2,Silver,1
CUST01544,High-Value but Unhappy,113,9,5640.23,2,5,5,12,4.0,1.0,0.2222222222222222,0.38999999999999996,11,29,2,,0
CUST01545,At Risk,106,2,1091.81,2,2,2,6,0.0,0.0,0.0,0.315,4,28,0,Gold,1
CUST01546,Loyal Customers,22,5,2407.6499999999996,4,4,3,11,2.0,0.5,0.0,0.376,4,0,1,,0
CUST01547,High-Value but Unhappy,99,9,7802.05,2,5,5,12,3.0,1.0,0.1111111111111111,0.19666666666666666,4,16,1,Silver,1
CUST01548,Loyal Customers,49,6,3110.35,3,5,4,12,1.0,1.0,0.16666666666666666,0.29,2,18,0,,0
CUST01549,At Risk,167,3,3126.75,1,3,4,8,1.0,0.0,0.0,0.19666666666666666,15,45,0,,1
CUST01550,At Risk,109,4,1841.6,2,4,3,9,0.0,0.0,0.0,0.27,5,37,0,,1
CUST01551,Needs Nurturing,69,1,674.67,3,1,1,5,0.0,0.0,0.0,0.24,11,18,0,,0
CUST01552,At Risk,108,5,2594.91,2,4,4,10,0.0,0.0,0.0,0.296,3,19,0,Silver,1
CUST01553,Dormant,153,1,381.8,1,1,1,3,0.0,0.0,0.0,0.25,4,27,1,Silver,1
CUST01554,Loyal Customers,75,4,3977.0899999999997,3,4,4,11,1.0,1.0,0.0,0.2725,8,4,1,,0
CUST01555,New Customers,30,1,329.17,4,1,1,6,1.0,1.0,0.0,0.28,5,9,2,,0
CUST01556,Loyal Customers,37,3,1996.78,4,3,3,10,0.0,0.0,0.0,0.2066666666666667,1,0,2,,0
CUST01557,Needs Nurturing,41,3,1524.72,4,3,2,9,0.0,0.0,0.0,0.19000000000000003,9,22,0,,0
CUST01558,At Risk,210,3,2406.87,1,3,3,7,1.0,1.0,0.0,0.3,1,38,0,,1
CUST01559,High-Value but Unhappy,93,8,5817.8,2,5,5,12,3.0,0.6666666666666666,0.125,0.28375,5,8,2,,1
CUST01560,Loyal Customers,8,3,1682.37,5,3,3,11,1.0,1.0,0.3333333333333333,0.32666666666666666,14,6,2,,0
CUST01561,Dormant,153,1,567.89,1,1,1,3,0.0,0.0,0.0,0.21,5,16,3,,1
CUST01562,Needs Nurturing,51,2,1271.3,3,2,2,7,1.0,1.0,0.5,0.25,17,4,0,Silver,0
CUST01563,Needs Nurturing,20,2,1279.74,5,2,2,9,1.0,1.0,0.5,0.07,0,0,0,,1
CUST01564,At Risk,236,2,1155.5900000000001,1,2,2,5,0.0,0.0,0.0,0.32999999999999996,1,45,0,Silver,1
CUST01565,Loyal Customers,41,3,2690.33,4,3,4,11,0.0,0.0,0.0,0.16666666666666666,4,8,1,Silver,0
CUST01566,New Customers,5,1,486.05,5,1,1,7,0.0,0.0,0.0,0.35,0,6,0,Silver,0
CUST01567,At Risk,345,2,1423.0500000000002,1,2,2,5,0.0,0.0,0.0,0.19,3,60,1,Silver,1
CUST01568,At Risk,178,2,1002.8800000000001,1,2,2,5,1.0,1.0,0.0,0.315,2,31,0,,1
CUST01569,Loyal Customers,81,3,3115.0,3,3,4,10,0.0,0.0,0.0,0.16333333333333333,20,22,0,Platinum,0
CUST01570,At Risk,144,2,551.3299999999999,2,2,1,5,0.0,0.0,0.0,0.41000000000000003,2,34,0,Silver,1
CUST01571,High-Value but Unhappy,253,5,4663.12,1,4,5,10,2.0,1.0,0.0,0.352,1,51,1,,1
CUST01572,At Risk,227,1,1048.29,1,1,2,4,1.0,0.0,0.0,0.31,1,45,1,Platinum,1
CUST01573,Loyal Customers,78,5,4071.61,3,4,5,12,2.0,1.0,0.0,0.284,7,13,0,,0
CUST01574,At Risk,161,3,2673.15,1,3,4,8,0.0,0.0,0.0,0.31,2,35,1,,1
CUST01575,High-Value but Unhappy,165,3,4439.9800000000005,1,3,5,9,2.0,1.0,0.0,0.16333333333333333,1,42,0,,1
CUST01576,Needs Nurturing,82,2,2235.15,3,2,3,8,1.0,1.0,0.5,0.275,10,23,0,Silver,1
CUST01577,Needs Nurturing,107,1,343.71,2,1,1,4,1.0,1.0,1.0,0.42,3,16,0,Silver,1
CUST01578,New Customers,10,1,1222.13,5,1,2,8,0.0,0.0,0.0,0.12,4,0,3,,0
CUST01579,Champions,45,8,6050.82,4,5,5,14,1.0,0.0,0.0,0.2625,9,16,1,Silver,1
CUST01580,Needs Nurturing,18,2,912.24,5,2,2,9,0.0,0.0,0.0,0.315,14,10,1,,0
CUST01581,Champions,22,11,8927.9,4,5,5,14,5.0,0.6,0.09090909090909091,0.24181818181818182,6,5,0,,0
CUST01582,Loyal Customers,58,7,4264.93,3,5,5,13,2.0,1.0,0.2857142857142857,0.2742857142857143,5,14,1,,0
CUST01583,At Risk,261,3,1979.92,1,3,3,7,0.0,0.0,0.0,0.33666666666666667,2,42,2,Silver,1
CUST01584,Champions,0,5,10650.07,5,4,5,14,0.0,0.0,0.0,0.29000000000000004,6,0,0,,0
CUST01585,New Customers,23,1,327.29,4,1,1,6,0.0,0.0,0.0,0.32,4,9,0,,1
CUST01586,New Customers,25,1,788.8,4,1,2,7,1.0,1.0,0.0,0.25,7,0,1,,0
CUST01587,High-Value but Unhappy,129,5,3345.9300000000003,2,4,4,10,2.0,1.0,0.2,0.314,10,39,0,,1
CUST01588,High-Value but Unhappy,145,4,3378.07,2,4,4,10,1.0,1.0,0.0,0.1775,2,38,0,Silver,1
CUST01589,At Risk,147,2,883.23,2,2,2,6,0.0,0.0,0.0,0.26,1,24,0,,1
CUST01590,At Risk,129,2,1250.94,2,2,2,6,0.0,0.0,0.0,0.19,8,29,0,,1
CUST01591,High-Value but Unhappy,136,3,2829.57,2,3,4,9,2.0,1.0,0.3333333333333333,0.23666666666666666,4,23,0,,1
CUST01592,Needs Nurturing,117,1,500.86,2,1,1,4,0.0,0.0,0.0,0.21,8,26,0,Silver,0
CUST01593,New Customers,30,1,675.24,4,1,1,6,0.0,0.0,0.0,0.24,18,0,2,,1
CUST01594,Champions,43,4,2625.18,4,4,4,12,1.0,0.0,0.0,0.24,2,0,0,Gold,0
CUST01595,Needs Nurturing,59,3,1640.96,3,3,3,9,0.0,0.0,0.0,0.29,8,11,1,,0
CUST01596,Loyal Customers,60,5,3906.69,3,4,4,11,1.0,1.0,0.2,0.298,7,13,1,,0
CUST01597,Champions,40,6,3297.58,4,5,4,13,2.0,0.5,0.16666666666666666,0.36833333333333335,4,17,0,Silver,0
CUST01598,Needs Nurturing,68,3,1366.15,3,3,2,8,0.0,0.0,0.0,0.26,4,0,2,Silver,0
CUST01599,Needs Nurturing,82,3,1748.0800000000002,3,3,3,9,0.0,0.0,0.0,0.18333333333333335,3,35,2,,1
CUST01600,New Customers,0,1,657.78,5,1,1,7,0.0,0.0,0.0,0.43,2,9,0,,1
CUST01601,Loyal Customers,49,5,4997.61,3,4,5,12,2.0,0.5,0.0,0.306,6,1,0,Gold,0
CUST01602,Needs Nurturing,22,3,1334.5700000000002,4,3,2,9,1.0,1.0,0.0,0.40666666666666673,8,7,1,Gold,0
CUST01603,High-Value but Unhappy,166,4,2882.1099999999997,1,4,4,9,1.0,1.0,0.25,0.1875,0,27,0,Silver,1
CUST01604,Loyal Customers,49,6,2549.4,3,5,3,11,2.0,1.0,0.0,0.33166666666666667,17,33,1,Silver,0
CUST01605,New Customers,20,1,1057.43,5,1,2,8,0.0,0.0,0.0,0.18,3,0,0,,0
CUST01606,Discount Sensitive,180,1,282.09,1,1,1,3,1.0,1.0,0.0,0.45,1,36,0,Silver,1
CUST01607,At Risk,155,1,1515.3,1,1,2,4,0.0,0.0,0.0,0.23,7,37,0,,1
CUST01608,New Customers,26,1,501.47,4,1,1,6,0.0,0.0,0.0,0.27,1,17,2,,0
CUST01609,Needs Nurturing,69,3,1380.23,3,3,2,8,2.0,0.0,0.0,0.4066666666666667,4,4,0,,1
CUST01610,Loyal Customers,69,4,2593.45,3,4,4,11,2.0,1.0,0.25,0.34750000000000003,4,12,2,,0
CUST01611,Champions,28,6,3039.58,4,5,4,13,2.0,1.0,0.0,0.3433333333333333,1,6,3,Gold,0
CUST01612,Dormant,283,1,725.09,1,1,1,3,0.0,0.0,0.0,0.43,1,60,0,,1
CUST01613,At Risk,255,2,1983.37,1,2,3,6,0.0,0.0,0.0,0.16,0,60,1,,1
CUST01614,High-Value but Unhappy,103,9,5758.2,2,5,5,12,3.0,0.6666666666666666,0.1111111111111111,0.2788888888888889,4,4,0,,0
CUST01615,Loyal Customers,1,3,1862.39,5,3,3,11,1.0,1.0,0.0,0.26333333333333336,3,3,0,,0
CUST01616,High-Value but Unhappy,160,6,4472.110000000001,1,5,5,11,2.0,0.5,0.16666666666666666,0.3216666666666667,4,17,2,,1
CUST01617,Loyal Customers,71,4,3694.23,3,4,4,11,2.0,0.5,0.25,0.2525,9,6,0,Silver,1
CUST01618,Loyal Customers,84,6,4011.61,3,5,4,12,0.0,0.0,0.0,0.215,2,30,0,Silver,1
CUST01619,Loyal Customers,2,3,1148.84,5,3,2,10,0.0,0.0,0.0,0.36000000000000004,8,5,1,,0
CUST01620,Champions,4,6,3750.7,5,5,4,14,0.0,0.0,0.0,0.2966666666666667,7,2,1,,0
CUST01621,Champions,26,6,4125.91,4,5,5,14,1.0,1.0,0.0,0.23666666666666666,10,3,3,Silver,0
CUST01622,Champions,15,7,3807.67,5,5,4,14,2.0,0.5,0.0,0.25142857142857145,6,4,2,,0
CUST01623,At Risk,359,2,1834.9099999999999,1,2,3,6,0.0,0.0,0.0,0.32,0,60,0,,1
CUST01624,Loyal Customers,75,4,2439.45,3,4,3,10,1.0,1.0,0.25,0.27,11,11,0,Silver,0
CUST01625,Loyal Customers,10,3,1125.83,5,3,2,10,1.0,0.0,0.0,0.25666666666666665,7,3,1,Silver,0
CUST01626,Loyal Customers,28,4,2267.6099999999997,4,4,3,11,0.0,0.0,0.0,0.34750000000000003,6,1,0,Silver,1
CUST01627,At Risk,295,4,2804.23,1,4,4,9,0.0,0.0,0.0,0.34750000000000003,1,53,0,,1
CUST01628,At Risk,180,3,1760.35,1,3,3,7,1.0,1.0,0.3333333333333333,0.3433333333333333,4,25,0,Silver,1
CUST01629,Needs Nurturing,81,2,1120.0,3,2,2,7,1.0,0.0,0.0,0.295,1,18,0,Silver,1
CUST01630,Champions,19,8,7630.67,5,5,5,15,1.0,1.0,0.125,0.2625,6,10,1,,0
CUST01631,Champions,2,6,4758.7699999999995,5,5,5,15,1.0,0.0,0.0,0.24,14,0,1,Gold,0
CUST01632,New Customers,6,1,1472.62,5,1,2,8,0.0,0.0,0.0,0.33,4,11,0,,1
CUST01633,Needs Nurturing,55,3,1093.75,3,3,2,8,1.0,1.0,0.0,0.3333333333333333,3,19,1,,0
CUST01634,New Customers,40,1,668.05,4,1,1,6,0.0,0.0,0.0,0.4,6,5,0,Gold,1
CUST01635,Champions,42,5,3802.4,4,4,4,12,2.0,1.0,0.2,0.21600000000000003,10,5,2,Silver,0
CUST01636,New Customers,16,1,310.14,5,1,1,7,0.0,0.0,0.0,0.44,10,9,2,,0
CUST01637,Champions,29,10,6494.71,4,5,5,14,3.0,0.6666666666666666,0.0,0.29500000000000004,8,19,2,,0
CUST01638,Champions,31,5,3624.0,4,4,4,12,0.0,0.0,0.0,0.35,9,22,1,,0
CUST01639,At Risk,166,2,2292.2200000000003,1,2,3,6,0.0,0.0,0.0,0.065,3,29,0,Silver,1
CUST01640,Needs Nurturing,105,1,464.57,2,1,1,4,0.0,0.0,0.0,0.35,6,12,0,Silver,1
CUST01641,At Risk,101,4,2914.92,2,4,4,10,1.0,1.0,0.0,0.1975,13,22,0,,0
CUST01642,Champions,4,5,4472.83,5,4,5,14,0.0,0.0,0.0,0.294,5,0,0,Silver,0
CUST01643,At Risk,182,5,3485.7299999999996,1,4,4,9,0.0,0.0,0.0,0.276,5,30,2,,1
CUST01644,High-Value but Unhappy,118,8,5024.66,2,5,5,12,3.0,1.0,0.125,0.19375,5,8,3,,1
CUST01645,Loyal Customers,74,4,3081.21,3,4,4,11,0.0,0.0,0.0,0.2425,9,14,1,,0
CUST01646,Loyal Customers,66,7,3917.38,3,5,4,12,0.0,0.0,0.0,0.2642857142857143,10,5,0,Silver,0
CUST01647,Champions,10,6,5675.4,5,5,5,15,0.0,0.0,0.0,0.21666666666666667,8,0,0,Gold,0
CUST01648,Needs Nurturing,150,1,540.77,1,1,1,3,0.0,0.0,0.0,0.19,2,23,3,Gold,0
CUST01649,Dormant,243,1,376.88,1,1,1,3,0.0,0.0,0.0,0.21,1,56,0,,1
CUST01650,At Risk,102,1,1797.67,2,1,3,6,0.0,0.0,0.0,0.41,9,21,3,Silver,0
CUST01651,At Risk,87,3,2543.79,2,3,3,8,1.0,0.0,0.0,0.26333333333333336,0,0,1,,1
CUST01652,Champions,40,6,3702.64,4,5,4,13,2.0,1.0,0.3333333333333333,0.2683333333333333,2,13,0,,0
CUST01653,At Risk,87,3,2168.75,2,3,3,8,1.0,1.0,0.0,0.23333333333333336,0,5,0,Silver,1
CUST01654,At Risk,99,1,1073.19,2,1,2,5,0.0,0.0,0.0,0.24,2,26,2,,0
CUST01655,Champions,13,8,7066.74,5,5,5,15,2.0,1.0,0.0,0.11625,2,7,0,,1
CUST01656,Champions,9,6,3506.88,5,5,4,14,1.0,1.0,0.16666666666666666,0.22666666666666666,16,2,4,,0
CUST01657,Dormant,328,1,149.0,1,1,1,3,0.0,0.0,0.0,0.39,2,60,0,Silver,1
CUST01658,Loyal Customers,56,8,7356.57,3,5,5,13,2.0,0.0,0.0,0.22125,3,13,0,,0
CUST01659,At Risk,98,2,1400.5700000000002,2,2,2,6,0.0,0.0,0.0,0.26,8,13,0,,0
CUST01660,Champions,6,8,8061.9,5,5,5,15,1.0,1.0,0.0,0.27,10,0,3,,0
CUST01661,At Risk,154,2,826.76,1,2,2,5,1.0,1.0,0.5,0.365,0,18,0,,1
CUST01662,Loyal Customers,33,3,2215.29,4,3,3,10,0.0,0.0,0.0,0.27999999999999997,3,6,0,,1
CUST01663,Champions,22,5,3881.61,4,4,4,12,2.0,0.0,0.2,0.19,4,14,0,,0
CUST01664,Needs Nurturing,75,3,2080.54,3,3,3,9,1.0,1.0,0.0,0.37000000000000005,20,4,1,,1
CUST01665,Needs Nurturing,75,1,335.28,3,2,1,6,0.0,0.0,0.0,0.18,6,6,1,,1
CUST01666,High-Value but Unhappy,318,5,4392.38,1,4,5,10,1.0,1.0,0.0,0.246,5,57,4,,1
CUST01667,At Risk,136,2,1307.77,2,2,2,6,0.0,0.0,0.0,0.36,12,27,2,Silver,1
CUST01668,At Risk,106,8,5325.84,2,5,5,12,0.0,0.0,0.0,0.4125,7,14,0,Silver,1
CUST01669,At Risk,143,2,1801.98,2,2,3,7,0.0,0.0,0.0,0.30000000000000004,0,26,0,Gold,1
CUST01670,Needs Nurturing,19,2,2472.29,5,2,3,10,1.0,1.0,0.0,0.26,15,5,0,,0
CUST01671,Loyal Customers,79,5,4824.19,3,4,5,12,2.0,1.0,0.2,0.374,1,22,0,,0
CUST01672,Champions,29,5,2937.06,4,4,4,12,0.0,0.0,0.0,0.266,7,0,0,Silver,1
CUST01673,Needs Nurturing,24,1,489.02,4,2,1,7,0.0,0.0,0.0,0.19,3,31,1,,0
CUST01674,At Risk,116,4,1864.1999999999998,2,4,3,9,1.0,1.0,0.0,0.26749999999999996,5,29,0,,0
CUST01675,At Risk,132,2,1309.95,2,2,2,6,0.0,0.0,0.0,0.29,3,35,0,Silver,1
CUST01676,At Risk,133,3,1460.8000000000002,2,3,2,7,1.0,1.0,0.0,0.16333333333333333,5,40,1,,1
CUST01677,Champions,17,6,3597.0699999999997,5,5,4,14,0.0,0.0,0.0,0.23333333333333336,3,6,0,Gold,0
CUST01678,Loyal Customers,50,6,3935.61,3,5,4,12,0.0,0.0,0.0,0.26666666666666666,1,11,0,Gold,0
CUST01679,Champions,29,4,2798.27,4,4,4,12,0.0,0.0,0.0,0.27,7,16,2,Silver,1
CUST01680,Needs Nurturing,36,1,2660.5,4,2,4,10,0.0,0.0,0.0,0.09,12,0,0,Platinum,0
CUST01681,Loyal Customers,53,4,3363.76,3,4,4,11,1.0,1.0,0.0,0.225,6,10,0,Platinum,0
CUST01682,At Risk,227,5,1999.79,1,4,3,8,1.0,0.0,0.0,0.272,0,49,0,,1
CUST01683,Champions,26,4,4532.08,4,4,5,13,1.0,1.0,0.0,0.29000000000000004,7,7,0,,0
CUST01684,Loyal Customers,63,3,3554.1800000000003,3,3,4,10,0.0,0.0,0.0,0.17666666666666667,4,8,0,Silver,0
CUST01685,High-Value but Unhappy,278,6,3081.38,1,5,4,10,1.0,1.0,0.16666666666666666,0.29333333333333333,2,49,0,,1
CUST01686,At Risk,138,1,699.98,2,2,1,5,1.0,0.0,0.0,0.0,0,38,0,,1
CUST01687,Loyal Customers,81,5,2765.61,3,4,4,11,0.0,0.0,0.0,0.236,3,24,0,,1
CUST01688,At Risk,130,4,4056.68,2,4,5,11,1.0,0.0,0.0,0.3275,9,26,0,Silver,1
CUST01689,Loyal Customers,62,4,2918.12,3,4,4,11,1.0,1.0,0.25,0.4475,6,7,1,Silver,1
CUST01690,Loyal Customers,70,4,3930.82,3,4,4,11,2.0,0.5,0.5,0.4225,2,10,0,,1
CUST01691,At Risk,89,1,591.46,2,2,1,5,1.0,1.0,1.0,0.31,8,17,0,Gold,1
CUST01692,High-Value but Unhappy,176,7,4276.32,1,5,5,11,3.0,1.0,0.2857142857142857,0.39,6,27,1,,1
CUST01693,Needs Nurturing,33,1,483.01,4,2,1,7,0.0,0.0,0.0,0.26,11,5,3,,0
CUST01694,Needs Nurturing,38,1,759.46,4,2,1,7,0.0,0.0,0.0,0.43,10,2,2,,1
CUST01695,Loyal Customers,72,4,1763.04,3,4,3,10,1.0,1.0,0.0,0.28500000000000003,22,2,4,Gold,0
CUST01696,At Risk,127,2,1047.8,2,3,2,7,0.0,0.0,0.0,0.33,1,16,1,,1
CUST01697,Loyal Customers,62,3,2717.38,3,3,4,10,0.0,0.0,0.0,0.24,5,14,1,,0
CUST01698,Loyal Customers,68,8,7824.55,3,5,5,13,4.0,1.0,0.25,0.31,5,0,1,,0
CUST01699,At Risk,242,6,3095.45,1,5,4,10,0.0,0.0,0.0,0.3333333333333333,2,60,0,,1
CUST01700,Loyal Customers,6,3,2536.5,5,3,3,11,0.0,0.0,0.0,0.32,14,22,2,,1
CUST01701,Needs Nurturing,14,1,388.29,5,2,1,8,0.0,0.0,0.0,0.34,3,16,1,,1
CUST01702,At Risk,209,3,2444.42,1,3,3,7,0.0,0.0,0.0,0.18333333333333335,3,31,0,,1
CUST01703,Loyal Customers,7,2,2037.6100000000001,5,3,3,11,0.0,0.0,0.0,0.11499999999999999,6,4,0,,0
CUST01704,Needs Nurturing,47,1,926.37,3,2,2,7,0.0,0.0,0.0,0.06,13,24,2,,0
CUST01705,Loyal Customers,29,3,1829.77,4,3,3,10,1.0,1.0,0.0,0.27666666666666667,21,0,2,Gold,0
CUST01706,Champions,6,6,3962.25,5,5,4,14,1.0,1.0,0.0,0.26,6,0,0,Silver,0
CUST01707,Loyal Customers,2,2,1446.76,5,3,2,10,1.0,1.0,0.0,0.355,5,0,0,Gold,0
CUST01708,Loyal Customers,5,3,1319.75,5,3,2,10,0.0,0.0,0.0,0.37333333333333335,7,0,0,,0
CUST01709,At Risk,157,3,1524.54,1,3,2,6,0.0,0.0,0.0,0.3666666666666667,1,26,3,Gold,1
CUST01710,Needs Nurturing,58,3,1236.27,3,3,2,8,1.0,1.0,0.0,0.41,10,0,1,Silver,0
CUST01711,At Risk,110,4,2242.31,2,4,3,9,0.0,0.0,0.0,0.2025,2,27,2,,0
CUST01712,Needs Nurturing,25,1,828.82,4,2,2,8,1.0,0.0,0.0,0.32,9,23,0,,0
CUST01713,Champions,41,7,5539.05,4,5,5,14,3.0,1.0,0.2857142857142857,0.17142857142857143,1,10,0,,1
CUST01714,High-Value but Unhappy,132,8,7387.29,2,5,5,12,1.0,1.0,0.0,0.32125000000000004,0,36,0,Silver,1
CUST01715,At Risk,121,4,2342.73,2,4,3,9,2.0,1.0,0.0,0.3275,4,35,1,Platinum,1
CUST01716,Loyal Customers,31,3,2688.8500000000004,4,3,4,11,1.0,1.0,0.3333333333333333,0.29000000000000004,1,6,0,Gold,0
CUST01717,At Risk,125,5,5726.24,2,4,5,11,0.0,0.0,0.0,0.352,6,12,0,Silver,0
CUST01718,High-Value but Unhappy,133,12,6556.120000000001,2,5,5,12,3.0,0.3333333333333333,0.16666666666666666,0.3425,4,19,2,Platinum,0
CUST01719,High-Value but Unhappy,148,4,2725.06,1,4,4,9,1.0,1.0,0.0,0.215,4,20,0,Silver,1
CUST01720,Loyal Customers,13,3,1236.77,5,3,2,10,1.0,1.0,0.0,0.4633333333333334,9,3,4,,0
CUST01721,Needs Nurturing,38,1,617.29,4,2,1,7,0.0,0.0,0.0,0.26,5,19,0,,1
CUST01722,Needs Nurturing,59,1,359.06,3,2,1,6,0.0,0.0,0.0,0.14,1,9,0,Silver,1
CUST01723,Champions,16,6,7673.5,5,5,5,15,2.0,1.0,0.0,0.25166666666666665,4,7,0,Silver,0
CUST01724,Loyal Customers,39,2,1680.71,4,3,3,10,0.0,0.0,0.0,0.31,12,14,0,,1
CUST01725,Needs Nurturing,44,1,632.03,4,2,1,7,1.0,1.0,0.0,0.24,8,20,0,Silver,1
CUST01726,Needs Nurturing,23,1,1507.03,4,2,2,8,0.0,0.0,0.0,0.1,17,4,2,,0
CUST01727,Loyal Customers,1,4,1657.76,5,4,3,12,0.0,0.0,0.0,0.325,13,1,0,Silver,0
CUST01728,Loyal Customers,10,2,1236.25,5,3,2,10,0.0,0.0,0.0,0.155,5,0,1,Platinum,0
CUST01729,Loyal Customers,8,2,2079.31,5,3,3,11,2.0,1.0,0.5,0.33999999999999997,11,0,1,Silver,0
CUST01730,High-Value but Unhappy,120,7,5329.4400000000005,2,5,5,12,4.0,0.75,0.14285714285714285,0.40714285714285714,7,15,3,Gold,1
CUST01731,At Risk,102,4,2888.49,2,4,4,10,0.0,0.0,0.0,0.2675,1,15,2,,1
CUST01732,Champions,9,7,7979.33,5,5,5,15,2.0,1.0,0.0,0.27285714285714285,4,4,0,,0
CUST01733,At Risk,92,4,2532.24,2,4,3,9,3.0,1.0,0.75,0.22,2,18,0,,1
CUST01734,High-Value but Unhappy,160,5,5871.23,1,4,5,10,2.0,1.0,0.0,0.22200000000000003,2,39,0,Silver,1
CUST01735,Needs Nurturing,61,2,1287.08,3,3,2,8,1.0,1.0,0.5,0.215,6,4,1,,1
CUST01736,Loyal Customers,13,4,2197.62,5,4,3,12,2.0,1.0,0.25,0.325,8,13,1,Silver,0
CUST01737,Needs Nurturing,26,1,512.92,4,2,1,7,0.0,0.0,0.0,0.31,9,7,0,Silver,0
CUST01738,Champions,39,4,2851.85,4,4,4,12,0.0,0.0,0.0,0.3225,7,6,3,Silver,0
CUST01739,Discount Sensitive,75,1,349.72,3,2,1,6,0.0,0.0,0.0,0.45,5,7,0,Silver,0
CUST01740,Needs Nurturing,22,1,717.61,4,2,1,7,0.0,0.0,0.0,0.32,1,5,0,,0
CUST01741,Champions,29,7,6413.37,4,5,5,14,1.0,1.0,0.0,0.3071428571428571,2,0,0,,0
CUST01742,High-Value but Unhappy,130,6,3970.62,2,5,4,11,1.0,1.0,0.16666666666666666,0.21333333333333335,13,34,3,,1
CUST01743,At Risk,90,3,1294.36,2,3,2,7,1.0,1.0,0.0,0.29,6,14,0,Platinum,0
CUST01744,At Risk,111,1,1021.08,2,2,2,6,0.0,0.0,0.0,0.37,3,19,0,,0
CUST01745,Discount Sensitive,204,2,806.46,1,3,2,6,0.0,0.0,0.0,0.52,6,45,2,,1
CUST01746,High-Value but Unhappy,239,4,2960.62,1,4,4,9,1.0,1.0,0.0,0.3525,1,48,2,,1
CUST01747,Needs Nurturing,24,1,1498.03,4,2,2,8,0.0,0.0,0.0,0.3,7,5,1,Gold,0
CUST01748,Discount Sensitive,36,1,150.03,4,2,1,7,0.0,0.0,0.0,0.58,4,10,3,Silver,1
CUST01749,At Risk,190,2,1709.8200000000002,1,3,3,7,1.0,0.0,0.0,0.345,0,36,0,Silver,1
CUST01750,At Risk,137,1,556.93,2,2,1,5,0.0,0.0,0.0,0.42,4,39,0,,1
CUST01751,Needs Nurturing,61,1,332.52,3,2,1,6,0.0,0.0,0.0,0.37,3,7,0,,0
CUST01752,At Risk,171,1,516.34,1,2,1,4,0.0,0.0,0.0,0.3,2,26,0,,1
CUST01753,Needs Nurturing,43,2,912.8100000000001,4,3,2,9,0.0,0.0,0.0,0.21000000000000002,4,6,0,Gold,0
CUST01754,Loyal Customers,13,2,806.9000000000001,5,3,2,10,0.0,0.0,0.0,0.25,4,0,1,,0
CUST01755,High-Value but Unhappy,152,6,3652.4,1,5,4,10,2.0,1.0,0.16666666666666666,0.17833333333333334,3,29,0,,1
CUST01756,At Risk,90,7,6859.41,2,5,5,12,0.0,0.0,0.0,0.2342857142857143,12,8,2,Silver,0
CUST01757,At Risk,167,2,1856.03,1,3,3,7,0.0,0.0,0.0,0.115,1,40,0,Silver,1
CUST01758,Needs Nurturing,78,1,411.88,3,2,1,6,0.0,0.0,0.0,0.33,2,10,1,,1
CUST01759,At Risk,89,2,1973.57,2,3,3,8,0.0,0.0,0.0,0.38,3,21,0,,1
CUST01760,Loyal Customers,69,7,5472.3099999999995,3,5,5,13,3.0,0.6666666666666666,0.0,0.21857142857142858,2,5,0,,0
CUST01761,High-Value but Unhappy,89,11,7359.26,2,5,5,12,3.0,1.0,0.09090909090909091,0.3172727272727273,2,21,1,,0
CUST01762,Loyal Customers,66,8,5954.5,3,5,5,13,2.0,1.0,0.0,0.33375,1,16,0,,0
CUST01763,Needs Nurturing,8,1,705.53,5,2,1,8,1.0,1.0,1.0,0.0,3,0,0,,1
CUST01764,Needs Nurturing,45,3,1471.8400000000001,4,3,2,9,1.0,1.0,0.0,0.33666666666666667,5,3,0,,1
CUST01765,At Risk,265,2,1739.8,1,3,3,7,0.0,0.0,0.0,0.195,0,51,1,,1
CUST01766,At Risk,163,1,561.64,1,2,1,4,0.0,0.0,0.0,0.22,4,36,0,,1
CUST01767,At Risk,145,3,1605.14,2,3,3,8,3.0,1.0,0.0,0.31,5,33,0,,1
CUST01768,High-Value but Unhappy,101,7,5814.4400000000005,2,5,5,12,1.0,1.0,0.14285714285714285,0.16285714285714287,10,28,3,,0
CUST01769,Loyal Customers,55,5,5381.57,3,4,5,12,2.0,1.0,0.2,0.186,10,11,3,,0
CUST01770,Needs Nurturing,58,3,1327.79,3,3,2,8,2.0,1.0,0.3333333333333333,0.24,2,4,0,Gold,1
CUST01771,Loyal Customers,58,4,2990.29,3,4,4,11,0.0,0.0,0.0,0.1975,14,0,1,Gold,0
CUST01772,At Risk,254,2,1751.38,1,3,3,7,0.0,0.0,0.0,0.28,0,53,0,,1
CUST01773,High-Value but Unhappy,196,5,4845.14,1,4,5,10,1.0,1.0,0.0,0.152,5,41,2,Gold,1
CUST01774,High-Value but Unhappy,152,6,3826.09,1,5,4,10,3.0,0.3333333333333333,0.3333333333333333,0.3333333333333333,0,22,2,Gold,1
CUST01775,Needs Nurturing,49,2,1120.32,3,3,2,8,1.0,1.0,0.0,0.045,6,14,0,,0
CUST01776,Loyal Customers,79,2,2686.35,3,3,4,10,0.0,0.0,0.0,0.28500000000000003,4,12,2,,1
CUST01777,High-Value but Unhappy,167,5,3035.66,1,4,4,9,1.0,1.0,0.2,0.294,6,44,1,,1
CUST01778,At Risk,87,1,512.32,2,2,1,5,0.0,0.0,0.0,0.24,6,17,0,,1
CUST01779,High-Value but Unhappy,167,4,3408.21,1,4,4,9,2.0,1.0,0.0,0.2025,3,37,2,,1
CUST01780,Loyal Customers,5,3,2803.73,5,3,4,12,3.0,1.0,0.0,0.27,8,0,0,,0
CUST01781,At Risk,241,1,1360.78,1,2,2,5,1.0,1.0,0.0,0.43,3,53,2,,1
CUST01782,At Risk,137,7,4334.56,2,5,5,12,0.0,0.0,0.0,0.3457142857142857,1,31,0,,1
CUST01783,Champions,21,4,2577.89,4,4,4,12,0.0,0.0,0.0,0.2225,1,0,0,,0
CUST01784,Needs Nurturing,67,3,2180.12,3,3,3,9,1.0,1.0,0.3333333333333333,0.08333333333333333,12,20,0,,0
CUST01785,Discount Sensitive,14,1,982.58,5,2,2,9,0.0,0.0,0.0,0.46,1,6,0,,0
CUST01786,Champions,23,6,3745.53,4,5,4,13,3.0,1.0,0.16666666666666666,0.155,2,9,0,Gold,0
CUST01787,Needs Nurturing,75,1,1770.53,3,2,3,8,0.0,0.0,0.0,0.19,6,16,1,Gold,0
CUST01788,Loyal Customers,54,5,3455.7,3,4,4,11,2.0,1.0,0.2,0.384,4,0,0,Silver,0
CUST01789,Needs Nurturing,52,1,341.52,3,2,1,6,0.0,0.0,0.0,0.36,6,0,0,,1
CUST01790,Loyal Customers,40,3,1750.7,4,3,3,10,0.0,0.0,0.0,0.35666666666666663,1,12,0,,1
CUST01791,Needs Nurturing,82,2,516.61,3,3,1,7,0.0,0.0,0.0,0.405,5,12,0,,1
CUST01792,Needs Nurturing,36,1,821.29,4,2,2,8,0.0,0.0,0.0,0.18,12,0,1,,0
CUST01793,Loyal Customers,48,4,5185.16,3,4,5,12,1.0,0.0,0.0,0.355,3,15,1,,1
CUST01794,Loyal Customers,26,2,1843.9,4,3,3,10,0.0,0.0,0.0,0.44,8,0,1,Silver,0
CUST01795,At Risk,89,1,1266.99,2,2,2,6,1.0,1.0,0.0,0.17,7,12,1,,1
CUST01796,Needs Nurturing,33,1,500.81,4,2,1,7,0.0,0.0,0.0,0.26,4,8,0,Silver,1
CUST01797,At Risk,117,1,1593.85,2,2,3,7,1.0,1.0,1.0,0.0,6,31,0,Silver,1
CUST01798,At Risk,103,4,3577.66,2,4,4,10,1.0,1.0,0.0,0.2575,5,2,0,Platinum,1
CUST01799,Needs Nurturing,74,1,659.32,3,2,1,6,1.0,1.0,0.0,0.15,0,12,0,Silver,1
CUST01800,At Risk,122,1,507.22,2,2,1,5,0.0,0.0,0.0,0.14,5,25,1,Silver,1
CUST01801,Discount Sensitive,24,1,371.61,4,2,1,7,1.0,1.0,0.0,0.45,10,15,1,,1
CUST01802,At Risk,139,3,1461.8,2,3,2,7,1.0,1.0,0.0,0.32666666666666666,3,14,0,Silver,1
CUST01803,At Risk,104,3,2088.76,2,3,3,8,2.0,0.5,0.0,0.3566666666666667,1,15,0,Silver,0
CUST01804,At Risk,177,3,1552.45,1,3,3,7,0.0,0.0,0.0,0.4366666666666667,4,42,0,,1
CUST01805,Needs Nurturing,37,1,433.16,4,2,1,7,0.0,0.0,0.0,0.3,0,23,1,Gold,1
CUST01806,Needs Nurturing,50,1,411.72,3,2,1,6,0.0,0.0,0.0,0.43,8,1,2,Gold,0
CUST01807,Loyal Customers,74,3,3341.2,3,3,4,10,1.0,1.0,0.3333333333333333,0.29333333333333333,3,18,1,Silver,0
CUST01808,Champions,17,6,3618.0299999999997,5,5,4,14,1.0,1.0,0.0,0.24666666666666667,5,2,0,,0
CUST01809,Champions,45,7,7139.78,4,5,5,14,1.0,1.0,0.14285714285714285,0.2928571428571428,2,8,1,,0
CUST01810,Needs Nurturing,28,1,381.71,4,2,1,7,0.0,0.0,0.0,0.24,8,25,2,,0
CUST01811,Loyal Customers,69,4,3016.58,3,4,4,11,3.0,0.6666666666666666,0.0,0.31,7,22,2,Silver,0
CUST01812,Champions,25,4,2569.42,4,4,4,12,0.0,0.0,0.0,0.2175,16,0,0,Platinum,0
CUST01813,Champions,22,5,3758.42,4,4,4,12,1.0,1.0,0.2,0.368,5,0,3,Gold,0
CUST01814,Needs Nurturing,43,1,579.84,4,2,1,7,1.0,1.0,0.0,0.24,6,6,0,,0
CUST01815,Needs Nurturing,4,1,762.94,5,2,1,8,0.0,0.0,0.0,0.27,4,8,0,,0
CUST01816,At Risk,189,1,507.79,1,2,1,4,0.0,0.0,0.0,0.12,2,45,0,Silver,1
CUST01817,High-Value but Unhappy,147,7,5667.97,2,5,5,12,1.0,1.0,0.0,0.1542857142857143,6,30,0,,1
CUST01818,High-Value but Unhappy,168,5,3080.04,1,4,4,9,1.0,1.0,0.0,0.266,1,38,0,Silver,1
CUST01819,Needs Nurturing,82,2,1750.5700000000002,3,3,3,9,2.0,0.5,0.5,0.145,2,19,0,Silver,1
CUST01820,Champions,6,9,6136.3099999999995,5,5,5,15,4.0,0.75,0.0,0.33444444444444443,7,16,0,Silver,0
CUST01821,Champions,41,5,3708.96,4,4,4,12,0.0,0.0,0.0,0.148,2,25,0,Gold,1
CUST01822,Needs Nurturing,50,2,2116.75,3,3,3,9,1.0,0.0,0.0,0.255,1,11,0,,0
CUST01823,Champions,32,4,3657.11,4,4,4,12,0.0,0.0,0.0,0.22,6,0,0,,0
CUST01824,At Risk,201,5,5499.38,1,4,5,10,2.0,0.0,0.0,0.194,4,37,1,,1
CUST01825,Needs Nurturing,16,1,561.93,5,2,1,8,1.0,0.0,0.0,0.35,14,0,1,Platinum,0
CUST01826,Loyal Customers,57,5,3208.37,3,4,4,11,0.0,0.0,0.0,0.3,0,15,0,Silver,1
CUST01827,Loyal Customers,5,2,1217.56,5,3,2,10,0.0,0.0,0.0,0.215,8,0,0,Silver,0
CUST01828,At Risk,122,3,1876.83,2,3,3,8,0.0,0.0,0.0,0.2866666666666667,5,16,3,,1
CUST01829,High-Value but Unhappy,101,7,4605.35,2,5,5,12,1.0,1.0,0.0,0.29857142857142854,4,17,0,Gold,1
CUST01830,Loyal Customers,27,4,2433.02,4,4,3,11,1.0,1.0,0.0,0.235,2,4,0,,1
CUST01831,Needs Nurturing,11,1,448.22,5,2,1,8,1.0,1.0,0.0,0.21,13,3,0,,0
CUST01832,At Risk,95,5,5038.610000000001,2,4,5,11,1.0,0.0,0.0,0.286,3,30,0,,1
CUST01833,Champions,27,7,4261.32,4,5,5,14,0.0,0.0,0.0,0.2357142857142857,1,7,3,Gold,0
CUST01834,Needs Nurturing,2,1,715.74,5,2,1,8,0.0,0.0,0.0,0.39,5,0,2,Gold,0
CUST01835,At Risk,132,1,710.25,2,2,1,5,0.0,0.0,0.0,0.28,15,20,2,Silver,1
CUST01836,High-Value but Unhappy,125,6,3567.04,2,5,4,11,1.0,1.0,0.0,0.2833333333333333,12,19,1,,1
CUST01837,Discount Sensitive,76,1,441.28,3,2,1,6,0.0,0.0,0.0,0.47,5,9,0,,1
CUST01838,Needs Nurturing,64,2,775.96,3,3,2,8,0.0,0.0,0.0,0.28500000000000003,7,16,0,,1
CUST01839,Loyal Customers,0,3,1378.5,5,3,2,10,0.0,0.0,0.0,0.3766666666666667,15,0,3,Platinum,0
CUST01840,At Risk,101,3,1327.8,2,3,2,7,0.0,0.0,0.0,0.29333333333333333,5,9,0,Platinum,0
CUST01841,Champions,14,5,3198.59,5,4,4,13,1.0,1.0,0.0,0.23200000000000004,17,14,0,Silver,0
CUST01842,At Risk,161,1,1332.91,1,2,2,5,0.0,0.0,0.0,0.32,0,31,1,,1
CUST01843,Loyal Customers,25,2,2693.71,4,3,4,11,0.0,0.0,0.0,0.14,8,3,0,,0
CUST01844,At Risk,125,7,4849.78,2,5,5,12,1.0,0.0,0.0,0.25857142857142856,8,18,0,Silver,0
CUST01845,At Risk,164,1,545.67,1,2,1,4,0.0,0.0,0.0,0.33,3,53,0,,1
CUST01846,Loyal Customers,76,7,4758.75,3,5,5,13,4.0,1.0,0.0,0.34142857142857147,5,10,0,,1
CUST01847,Needs Nurturing,16,1,1293.93,5,2,2,9,0.0,0.0,0.0,0.15,2,1,0,,0
CUST01848,Champions,1,5,5180.32,5,4,5,14,1.0,0.0,0.0,0.29,10,1,0,,0
CUST01849,Needs Nurturing,34,1,385.85,4,2,1,7,0.0,0.0,0.0,0.36,3,12,0,,0
CUST01850,Loyal Customers,28,3,1714.05,4,3,3,10,0.0,0.0,0.0,0.2833333333333333,5,7,0,Silver,0
CUST01851,Discount Sensitive,355,1,289.22,1,2,1,4,0.0,0.0,0.0,0.47,2,60,1,,1
CUST01852,Needs Nurturing,48,1,572.93,3,2,1,6,1.0,1.0,0.0,0.18,2,0,3,Silver,1
CUST01853,High-Value but Unhappy,153,6,3611.41,1,5,4,10,3.0,1.0,0.16666666666666666,0.43166666666666664,0,27,0,Silver,1
CUST01854,At Risk,150,2,1301.87,1,3,2,6,0.0,0.0,0.0,0.42000000000000004,5,19,0,,1
CUST01855,Needs Nurturing,72,3,2387.65,3,3,3,9,3.0,0.6666666666666666,0.0,0.26666666666666666,11,5,2,,0
CUST01856,At Risk,211,3,1379.79,1,3,2,6,3.0,1.0,0.6666666666666666,0.31,0,44,0,Platinum,1
CUST01857,Loyal Customers,74,9,5573.32,3,5,5,13,5.0,0.8,0.0,0.4077777777777778,1,7,0,,1
CUST01858,Needs Nurturing,20,1,522.62,5,2,1,8,1.0,1.0,0.0,0.2,9,4,1,,0
CUST01859,Loyal Customers,15,2,1262.4,5,3,2,10,0.0,0.0,0.0,0.22499999999999998,12,0,5,Platinum,0
CUST01860,Loyal Customers,1,2,914.9300000000001,5,3,2,10,2.0,0.5,0.5,0.135,9,19,0,,0
CUST01861,Loyal Customers,1,3,2676.62,5,3,4,12,0.0,0.0,0.0,0.2966666666666667,4,20,2,,0
CUST01862,Loyal Customers,9,3,3486.8,5,3,4,12,0.0,0.0,0.0,0.06,4,17,1,Silver,0
CUST01863,At Risk,188,1,530.13,1,2,1,4,0.0,0.0,0.0,0.32,4,47,0,,1
CUST01864,At Risk,221,1,519.75,1,2,1,4,0.0,0.0,0.0,0.12,3,44,0,,0
CUST01865,Needs Nurturing,60,3,1867.7600000000002,3,3,3,9,2.0,0.5,0.0,0.18333333333333335,4,13,1,,1
CUST01866,Needs Nurturing,70,1,510.52,3,2,1,6,1.0,1.0,0.0,0.27,16,0,0,,1
CUST01867,Needs Nurturing,11,1,663.94,5,2,1,8,0.0,0.0,0.0,0.19,2,0,0,,0
CUST01868,Loyal Customers,80,3,26057.29,3,3,5,11,0.0,0.0,0.0,0.21666666666666667,4,15,1,,1
CUST01869,Loyal Customers,52,8,5254.78,3,5,5,13,1.0,0.0,0.125,0.44,13,17,0,Silver,0
CUST01870,High-Value but Unhappy,91,4,4178.4,2,4,5,11,2.0,0.5,0.0,0.305,9,7,1,,0
CUST01871,At Risk,100,1,1448.69,2,2,2,6,1.0,1.0,0.0,0.06,1,30,0,,1
CUST01872,Champions,41,7,4856.42,4,5,5,14,2.0,1.0,0.0,0.3028571428571429,4,4,0,,0
CUST01873,Champions,9,5,2655.24,5,4,4,13,0.0,0.0,0.0,0.31,5,0,1,,0
CUST01874,Needs Nurturing,31,1,663.19,4,2,1,7,0.0,0.0,0.0,0.11,1,16,0,,0
CUST01875,Loyal Customers,74,7,3162.7799999999997,3,5,4,12,2.0,0.5,0.0,0.42857142857142855,0,13,0,,1
CUST01876,At Risk,143,5,4129.84,2,4,5,11,0.0,0.0,0.0,0.236,1,27,0,,1
CUST01877,Loyal Customers,45,3,2789.21,4,3,4,11,2.0,1.0,0.3333333333333333,0.4066666666666667,1,0,0,,0
CUST01878,Discount Sensitive,22,1,314.15,4,2,1,7,0.0,0.0,0.0,0.55,4,6,0,,1
CUST01879,Needs Nurturing,24,1,709.74,4,2,1,7,1.0,1.0,1.0,0.14,5,4,2,Gold,1
CUST01880,Discount Sensitive,231,4,1569.8400000000001,1,4,3,8,1.0,1.0,0.0,0.4575,3,50,0,,1
CUST01881,Champions,8,5,3112.58,5,4,4,13,4.0,0.75,0.0,0.264,0,6,0,Platinum,0
CUST01882,At Risk,219,2,965.8,1,3,2,6,0.0,0.0,0.0,0.245,0,41,0,Gold,1
CUST01883,Champions,5,4,2831.88,5,4,4,13,1.0,1.0,0.25,0.2625,2,0,0,,0
CUST01884,At Risk,234,3,2372.63,1,3,3,7,1.0,1.0,0.0,0.33,2,51,0,,1
CUST01885,Champions,6,5,3303.2799999999997,5,4,4,13,1.0,1.0,0.0,0.434,9,3,2,Silver,0
CUST01886,Needs Nurturing,78,2,948.26,3,3,2,8,0.0,0.0,0.0,0.2,6,23,0,,1
CUST01887,High-Value but Unhappy,126,6,3354.62,2,5,4,11,1.0,1.0,0.0,0.49000000000000005,1,30,1,,1
CUST01888,Champions,27,6,3310.32,4,5,4,13,1.0,0.0,0.0,0.335,3,3,1,Gold,0
CUST01889,Needs Nurturing,71,2,1553.42,3,3,3,9,0.0,0.0,0.0,0.315,5,20,0,Silver,0
CUST01890,At Risk,226,1,416.76,1,2,1,4,0.0,0.0,0.0,0.28,1,40,3,,1
CUST01891,High-Value but Unhappy,217,2,3614.49,1,3,4,8,2.0,1.0,0.0,0.3,0,30,0,,1
CUST01892,Needs Nurturing,39,1,547.55,4,2,1,7,0.0,0.0,0.0,0.43,5,7,1,Gold,0
CUST01893,Needs Nurturing,50,3,2530.01,3,3,3,9,2.0,1.0,0.0,0.27666666666666667,2,4,1,,0
CUST01894,At Risk,195,4,3166.55,1,4,4,9,0.0,0.0,0.0,0.27749999999999997,2,23,2,Silver,1
CUST01895,At Risk,329,1,1344.42,1,2,2,5,0.0,0.0,0.0,0.33,7,60,3,Silver,1
CUST01896,Discount Sensitive,70,1,177.86,3,2,1,6,0.0,0.0,0.0,0.53,10,23,2,,0
CUST01897,Champions,28,6,4619.71,4,5,5,14,1.0,1.0,0.0,0.20166666666666666,7,0,0,,0
CUST01898,At Risk,218,1,829.18,1,2,2,5,0.0,0.0,0.0,0.23,1,50,0,,1
CUST01899,Needs Nurturing,53,2,1576.16,3,3,3,9,1.0,1.0,0.0,0.435,2,7,0,,1
CUST01900,Loyal Customers,75,7,5287.41,3,5,5,13,1.0,1.0,0.0,0.23857142857142857,9,0,2,,0
CUST01901,At Risk,163,3,2344.37,1,3,3,7,0.0,0.0,0.0,0.19000000000000003,6,32,2,Silver,1
CUST01902,Discount Sensitive,53,2,549.9300000000001,3,3,1,7,0.0,0.0,0.0,0.48,1,19,0,Silver,0
CUST01903,Champions,20,8,5239.29,5,5,5,15,4.0,1.0,0.25,0.28,8,0,0,,0
CUST01904,Loyal Customers,39,3,2969.4300000000003,4,3,4,11,3.0,0.6666666666666666,0.3333333333333333,0.2733333333333334,4,3,0,Silver,0
CUST01905,Loyal Customers,2,3,2083.6400000000003,5,3,3,11,1.0,1.0,0.0,0.15333333333333335,6,1,3,Gold,0
CUST01906,Discount Sensitive,81,1,555.37,3,2,1,6,0.0,0.0,0.0,0.5,3,28,0,,0
CUST01907,Champions,32,5,3168.6099999999997,4,4,4,12,0.0,0.0,0.0,0.21200000000000002,3,24,1,Silver,0
CUST01908,At Risk,216,3,1025.52,1,3,2,6,0.0,0.0,0.0,0.4366666666666667,1,49,0,,1
CUST01909,Needs Nurturing,37,1,825.7,4,2,2,8,0.0,0.0,0.0,0.07,13,5,0,Silver,0
CUST01910,At Risk,130,5,2642.55,2,4,4,10,0.0,0.0,0.0,0.21400000000000002,1,40,0,Silver,1
CUST01911,Champions,40,8,5924.11,4,5,5,14,2.0,1.0,0.0,0.18375,4,9,0,Gold,0
CUST01912,Loyal Customers,43,4,1992.5,4,4,3,11,1.0,1.0,0.0,0.3075,13,10,0,,0
CUST01913,Needs Nurturing,78,1,422.52,3,2,1,6,0.0,0.0,0.0,0.44,2,6,0,,1
CUST01914,Loyal Customers,83,6,5482.889999999999,3,5,5,13,2.0,0.0,0.16666666666666666,0.25333333333333335,7,15,0,Platinum,0
CUST01915,At Risk,273,4,3357.25,1,4,4,9,0.0,0.0,0.0,0.315,1,57,0,,1
CUST01916,Loyal Customers,10,2,934.02,5,3,2,10,0.0,0.0,0.0,0.29000000000000004,3,0,1,Silver,0
CUST01917,At Risk,196,2,1593.3,1,3,3,7,0.0,0.0,0.0,0.27,2,37,0,Silver,1
CUST01918,At Risk,170,4,3621.08,1,4,4,9,0.0,0.0,0.0,0.1575,1,39,1,,1
CUST01919,Discount Sensitive,40,1,328.12,4,2,1,7,0.0,0.0,0.0,0.55,10,6,0,,0
CUST01920,High-Value but Unhappy,215,4,2814.54,1,4,4,9,1.0,1.0,0.25,0.275,1,48,0,Silver,1
CUST01921,Loyal Customers,75,4,2532.17,3,4,3,10,1.0,1.0,0.0,0.15000000000000002,9,20,0,,1
CUST01922,Loyal Customers,30,3,2918.16,4,3,4,11,0.0,0.0,0.0,0.09333333333333332,10,9,1,Silver,0
CUST01923,At Risk,146,3,1359.38,2,3,2,7,0.0,0.0,0.0,0.37666666666666665,9,35,2,Gold,1
CUST01924,Needs Nurturing,61,1,371.86,3,2,1,6,0.0,0.0,0.0,0.25,13,6,0,Platinum,0
CUST01925,Needs Nurturing,12,1,448.97,5,2,1,8,0.0,0.0,0.0,0.34,12,0,2,,0
CUST01926,At Risk,130,1,449.37,2,2,1,5,0.0,0.0,0.0,0.32,5,18,0,Silver,1
CUST01927,At Risk,163,3,3362.8999999999996,1,3,4,8,0.0,0.0,0.0,0.3,1,25,1,Platinum,1
CUST01928,Loyal Customers,6,3,1788.02,5,3,3,11,1.0,1.0,0.3333333333333333,0.22999999999999998,14,11,3,Gold,0
CUST01929,At Risk,163,2,735.4100000000001,1,3,1,5,0.0,0.0,0.0,0.255,5,29,0,Gold,1
CUST01930,Loyal Customers,19,2,1131.9099999999999,5,3,2,10,0.0,0.0,0.0,0.21,2,12,0,,0
CUST01931,Loyal Customers,10,2,975.78,5,3,2,10,0.0,0.0,0.0,0.32,11,6,0,,0
CUST01932,Needs Nurturing,12,1,1359.13,5,2,2,9,0.0,0.0,0.0,0.33,11,2,2,Platinum,0
CUST01933,Champions,39,6,3230.78,4,5,4,13,0.0,0.0,0.0,0.20166666666666666,6,0,2,,1
CUST01934,Needs Nurturing,33,1,585.58,4,2,1,7,0.0,0.0,0.0,0.28,8,0,0,,0
CUST01935,Needs Nurturing,52,1,308.98,3,2,1,6,0.0,0.0,0.0,0.33,8,5,1,,1
CUST01936,Needs Nurturing,34,1,300.34,4,2,1,7,0.0,0.0,0.0,0.3,8,0,2,Silver,0
CUST01937,At Risk,120,1,383.33,2,2,1,5,0.0,0.0,0.0,0.19,3,27,0,,1
CUST01938,Loyal Customers,45,4,1866.8,4,4,3,11,2.0,1.0,0.5,0.2175,4,0,0,,0
CUST01939,Champions,34,4,3249.84,4,4,4,12,1.0,1.0,0.0,0.1975,13,15,0,,0
CUST01940,Champions,8,7,6388.84,5,5,5,15,1.0,0.0,0.0,0.27,12,14,1,,0
CUST01941,Loyal Customers,47,9,5847.1900000000005,3,5,5,13,2.0,1.0,0.1111111111111111,0.28777777777777774,11,14,0,,0
CUST01942,At Risk,249,1,523.56,1,2,1,4,0.0,0.0,0.0,0.2,4,41,2,,1
CUST01943,Loyal Customers,52,4,4844.02,3,4,5,12,1.0,1.0,0.25,0.23500000000000001,10,23,0,Gold,0
CUST01944,Champions,13,7,5245.9800000000005,5,5,5,15,2.0,1.0,0.0,0.20714285714285716,6,4,0,,0
CUST01945,At Risk,118,1,554.68,2,2,1,5,0.0,0.0,0.0,0.29,0,24,0,,1
CUST01946,At Risk,118,3,1522.71,2,3,2,7,2.0,1.0,0.0,0.33666666666666667,4,10,2,,0
CUST01947,At Risk,123,7,4832.0599999999995,2,5,5,12,0.0,0.0,0.0,0.27714285714285714,6,20,1,Silver,1
CUST01948,At Risk,170,2,1170.93,1,3,2,6,1.0,1.0,0.0,0.375,3,47,0,,1
CUST01949,At Risk,136,8,9603.31,2,5,5,12,1.0,0.0,0.0,0.21125,9,31,0,Silver,1
CUST01950,At Risk,136,3,1395.9099999999999,2,3,2,7,0.0,0.0,0.0,0.33,2,32,0,,1
CUST01951,At Risk,125,4,2559.6099999999997,2,4,3,9,1.0,1.0,0.0,0.28500000000000003,2,46,0,Silver,1
CUST01952,At Risk,313,2,922.6,1,3,2,6,0.0,0.0,0.0,0.305,3,59,0,,1
CUST01953,At Risk,176,1,886.28,1,2,2,5,0.0,0.0,0.0,0.34,0,38,0,,1
CUST01954,Loyal Customers,50,10,7300.599999999999,3,5,5,13,3.0,1.0,0.2,0.31100000000000005,2,12,0,,0
CUST01955,Champions,25,7,2957.63,4,5,4,13,2.0,1.0,0.0,0.4014285714285714,11,2,4,Gold,0
CUST01956,Needs Nurturing,78,1,301.98,3,2,1,6,0.0,0.0,0.0,0.28,5,2,1,,1
CUST01957,At Risk,210,3,2989.2,1,3,4,8,1.0,0.0,0.0,0.2833333333333333,3,50,0,Gold,1
CUST01958,High-Value but Unhappy,113,7,3390.38,2,5,4,11,4.0,0.75,0.14285714285714285,0.36428571428571427,5,20,0,Silver,1
CUST01959,Needs Nurturing,9,1,676.52,5,2,1,8,0.0,0.0,0.0,0.24,4,2,0,,0
CUST01960,Needs Nurturing,25,1,1173.93,4,2,2,8,0.0,0.0,0.0,0.13,4,3,0,,0
CUST01961,Loyal Customers,79,4,3056.04,3,4,4,11,2.0,1.0,0.0,0.275,1,16,1,,1
CUST01962,High-Value but Unhappy,142,8,5467.6900000000005,2,5,5,12,2.0,1.0,0.125,0.205,2,23,0,,1
CUST01963,At Risk,113,1,827.54,2,2,2,6,0.0,0.0,0.0,0.23,6,30,0,,1
CUST01964,Needs Nurturing,15,1,848.15,5,2,2,9,0.0,0.0,0.0,0.43,4,0,0,Silver,0
CUST01965,At Risk,196,2,1060.55,1,3,2,6,1.0,1.0,0.0,0.4,3,39,1,,1
CUST01966,Loyal Customers,49,6,5099.78,3,5,5,13,1.0,1.0,0.16666666666666666,0.20333333333333334,9,16,0,,1
CUST01967,Loyal Customers,28,4,1574.64,4,4,3,11,2.0,1.0,0.0,0.28,12,2,0,,1
CUST01968,Needs Nurturing,59,1,1323.58,3,2,2,7,1.0,1.0,1.0,0.19,2,3,1,Platinum,1
CUST01969,Needs Nurturing,80,2,1641.0,3,3,3,9,1.0,0.0,0.0,0.27,3,23,0,,0
CUST01970,Needs Nurturing,84,3,1898.37,3,3,3,9,0.0,0.0,0.0,0.18333333333333335,14,17,2,Gold,0
CUST01971,Loyal Customers,10,2,2559.3999999999996,5,3,3,11,1.0,1.0,0.5,0.28500000000000003,12,6,1,,0
CUST01972,Champions,4,9,4551.23,5,5,5,15,2.0,0.5,0.1111111111111111,0.2744444444444445,15,0,0,,0
CUST01973,At Risk,89,3,2694.88,2,3,4,9,0.0,0.0,0.0,0.21666666666666667,18,23,2,,0
CUST01974,Loyal Customers,54,5,2533.77,3,4,3,10,2.0,0.5,0.0,0.238,9,2,0,Silver,0
CUST01975,Loyal Customers,57,5,3442.37,3,4,4,11,1.0,0.0,0.0,0.282,9,6,0,,0
CUST01976,High-Value but Unhappy,100,5,4264.75,2,4,5,11,3.0,1.0,0.2,0.124,15,25,1,,0
CUST01977,Needs Nurturing,68,2,1844.12,3,3,3,9,1.0,1.0,0.0,0.28,8,8,0,,0
CUST01978,High-Value but Unhappy,156,7,6034.36,1,5,5,11,2.0,1.0,0.14285714285714285,0.3842857142857143,2,27,1,Platinum,1
CUST01979,Needs Nurturing,61,1,669.46,3,2,1,6,0.0,0.0,0.0,0.29,13,7,0,Silver,0
CUST01980,Champions,1,8,7551.46,5,5,5,15,1.0,1.0,0.125,0.20375000000000001,10,3,2,,0
CUST01981,Loyal Customers,84,4,4730.360000000001,3,4,5,12,1.0,1.0,0.0,0.235,13,12,2,,0
CUST01982,Champions,36,7,4060.75,4,5,5,14,2.0,0.5,0.0,0.19714285714285715,5,11,0,Silver,0
CUST01983,Needs Nurturing,67,3,1024.8700000000001,3,3,2,8,0.0,0.0,0.0,0.26666666666666666,13,13,1,,0
CUST01984,Champions,21,8,4659.86,4,5,5,14,2.0,0.5,0.0,0.375,8,9,2,,0
CUST01985,Needs Nurturing,75,1,1983.49,3,2,3,8,0.0,0.0,0.0,0.07,12,12,0,,0
CUST01986,Champions,5,5,5637.98,5,4,5,14,3.0,1.0,0.4,0.302,17,1,1,Gold,0
CUST01987,Discount Sensitive,127,1,299.78,2,2,1,5,0.0,0.0,0.0,0.47,4,27,0,,1
CUST01988,Needs Nurturing,52,1,824.71,3,2,2,7,0.0,0.0,0.0,0.24,2,3,0,,0
CUST01989,Needs Nurturing,70,3,1255.63,3,3,2,8,0.0,0.0,0.0,0.4000000000000001,0,10,0,Silver,1
CUST01990,Loyal Customers,59,4,3877.7699999999995,3,4,4,11,0.0,0.0,0.0,0.22499999999999998,11,7,1,Silver,1
CUST01991,Loyal Customers,65,7,5405.02,3,5,5,13,2.0,0.5,0.14285714285714285,0.1457142857142857,8,13,0,Silver,1
CUST01992,Needs Nurturing,50,1,1412.07,3,2,2,7,0.0,0.0,0.0,0.38,7,16,1,,0
CUST01993,Champions,23,6,3224.71,4,5,4,13,2.0,1.0,0.0,0.335,0,7,0,,0
CUST01994,Loyal Customers,83,6,4371.35,3,5,5,13,0.0,0.0,0.0,0.30833333333333335,0,11,0,,0
CUST01995,High-Value but Unhappy,144,5,2602.16,2,5,4,11,1.0,1.0,0.0,0.292,2,24,0,,1
CUST01996,At Risk,206,2,1407.45,1,3,2,6,0.0,0.0,0.0,0.11499999999999999,2,51,1,Gold,0
CUST01997,Loyal Customers,23,2,2544.7,4,3,3,10,0.0,0.0,0.0,0.28,9,4,2,Silver,0
CUST01998,Champions,6,7,8151.54,5,5,5,15,2.0,1.0,0.14285714285714285,0.09714285714285716,13,0,0,Gold,0
CUST01999,Needs Nurturing,70,2,762.25,3,3,1,7,0.0,0.0,0.0,0.33999999999999997,4,14,1,Gold,1
CUST02000,At Risk,96,10,4734.83,2,5,5,12,2.0,0.5,0.0,0.22000000000000003,11,18,0,Gold,1
CUST02001,Needs Nurturing,5,1,519.52,5,2,1,8,0.0,0.0,0.0,0.23,12,2,1,Silver,0
CUST02002,Champions,27,6,5905.59,4,5,5,14,1.0,0.0,0.0,0.245,7,0,2,,0
CUST02003,At Risk,169,2,1381.48,1,3,2,6,0.0,0.0,0.0,0.405,3,30,0,,1
CUST02004,Needs Nurturing,1,1,1164.15,5,2,2,9,0.0,0.0,0.0,0.14,6,6,1,,0
CUST02005,Champions,7,5,2573.5,5,5,4,14,1.0,1.0,0.0,0.194,6,0,2,,0
CUST02006,At Risk,99,1,1872.67,2,2,3,7,0.0,0.0,0.0,0.23,2,12,0,,0
CUST02007,At Risk,152,6,5058.75,1,5,5,11,1.0,0.0,0.0,0.18666666666666668,5,33,1,Platinum,1
CUST02008,High-Value but Unhappy,228,4,4601.66,1,4,5,10,2.0,0.5,0.25,0.2575,3,39,0,,1
CUST02009,Champions,31,4,3434.0099999999998,4,4,4,12,1.0,1.0,0.25,0.35,1,0,0,Gold,0
CUST02010,At Risk,97,2,3814.95,2,3,4,9,0.0,0.0,0.0,0.185,6,24,3,,0
CUST02011,At Risk,130,4,4620.1,2,4,5,11,0.0,0.0,0.0,0.265,2,27,0,,1
CUST02012,Needs Nurturing,4,1,397.31,5,2,1,8,1.0,1.0,0.0,0.37,7,2,0,Silver,0
CUST02013,Needs Nurturing,19,1,496.68,5,2,1,8,0.0,0.0,0.0,0.23,7,18,1,Silver,0
CUST02014,Needs Nurturing,39,1,585.15,4,2,1,7,0.0,0.0,0.0,0.33,0,4,0,,0
CUST02015,At Risk,212,4,5003.34,1,4,5,10,0.0,0.0,0.0,0.1275,4,47,0,,1
CUST02016,Needs Nurturing,15,1,359.18,5,2,1,8,0.0,0.0,0.0,0.07,17,4,1,,0
CUST02017,Needs Nurturing,77,2,1871.94,3,3,3,9,0.0,0.0,0.0,0.31,12,20,2,Gold,1
CUST02018,Needs Nurturing,46,1,873.21,4,2,2,8,1.0,1.0,0.0,0.36,17,13,1,,1
CUST02019,Loyal Customers,55,7,4765.56,3,5,5,13,2.0,1.0,0.14285714285714285,0.2885714285714286,7,14,0,,0
CUST02020,Loyal Customers,30,3,2876.52,4,3,4,11,0.0,0.0,0.0,0.25,8,8,0,,1
CUST02021,Champions,9,4,3437.71,5,4,4,13,1.0,1.0,0.25,0.2925,12,0,0,Gold,0
CUST02022,Needs Nurturing,44,1,329.75,4,2,1,7,1.0,1.0,0.0,0.44,1,4,0,,0
CUST02023,Needs Nurturing,44,1,888.97,4,2,2,8,0.0,0.0,0.0,0.3,7,10,0,,1
CUST02024,Champions,1,10,6196.01,5,5,5,15,0.0,0.0,0.0,0.225,17,6,3,Silver,0
CUST02025,Champions,44,5,4736.54,4,5,5,14,0.0,0.0,0.0,0.20600000000000002,3,1,1,,0
CUST02026,Champions,34,5,4265.33,4,5,5,14,0.0,0.0,0.0,0.292,2,3,1,,0
CUST02027,Loyal Customers,12,3,2947.52,5,3,4,12,0.0,0.0,0.0,0.2866666666666667,7,0,1,,0
CUST02028,At Risk,127,2,1517.08,2,3,2,7,0.0,0.0,0.0,0.20500000000000002,3,25,0,Gold,1
CUST02029,Needs Nurturing,80,3,1502.72,3,3,2,8,1.0,0.0,0.0,0.31,0,9,2,Silver,0
CUST02030,Champions,7,5,2940.72,5,5,4,14,0.0,0.0,0.0,0.33399999999999996,18,0,2,Gold,0
CUST02031,At Risk,167,2,734.56,1,3,1,5,0.0,0.0,0.0,0.39,2,35,0,,1
CUST02032,At Risk,342,2,1046.18,1,3,2,6,0.0,0.0,0.0,0.21000000000000002,2,60,0,,1
CUST02033,At Risk,112,4,2919.45,2,4,4,10,0.0,0.0,0.0,0.1675,9,25,1,Gold,0
CUST02034,Needs Nurturing,13,1,568.26,5,2,1,8,0.0,0.0,0.0,0.3,9,4,0,,0
CUST02035,At Risk,93,3,2201.39,2,3,3,8,1.0,1.0,0.0,0.22,0,23,1,Gold,1
CUST02036,Champions,38,8,5443.38,4,5,5,14,0.0,0.0,0.0,0.25875000000000004,6,5,0,,0
CUST02037,Loyal Customers,1,2,1131.94,5,3,2,10,2.0,1.0,1.0,0.255,3,2,1,Gold,1
CUST02038,At Risk,262,3,1941.74,1,3,3,7,1.0,1.0,0.0,0.3933333333333333,3,57,1,Platinum,1
CUST02039,At Risk,160,3,1806.76,1,3,3,7,1.0,1.0,0.0,0.32,0,18,0,,1
CUST02040,Needs Nurturing,1,1,686.12,5,2,1,8,0.0,0.0,0.0,0.28,14,11,2,,0
CUST02041,Champions,15,5,6809.49,5,5,5,15,2.0,1.0,0.2,0.182,7,14,1,Silver,0
CUST02042,Loyal Customers,68,4,2102.49,3,4,3,10,1.0,1.0,0.0,0.35,6,0,1,,0
CUST02043,Needs Nurturing,10,1,429.28,5,2,1,8,0.0,0.0,0.0,0.42,6,8,1,,0
CUST02044,Champions,0,7,5404.4400000000005,5,5,5,15,1.0,1.0,0.0,0.21428571428571427,14,0,0,,0
CUST02045,Discount Sensitive,92,1,626.4,2,2,1,5,0.0,0.0,0.0,0.48,5,31,3,,1
CUST02046,High-Value but Unhappy,282,6,4967.95,1,5,5,11,2.0,0.5,0.0,0.155,6,52,2,Platinum,1
CUST02047,Loyal Customers,61,7,6827.32,3,5,5,13,0.0,0.0,0.0,0.21428571428571427,1,16,0,,0
CUST02048,Discount Sensitive,187,1,683.23,1,2,1,4,0.0,0.0,0.0,0.47,0,26,0,Silver,1
CUST02049,Loyal Customers,81,6,3627.55,3,5,4,12,1.0,1.0,0.0,0.215,6,21,1,Silver,0
CUST02050,Loyal Customers,15,2,985.3000000000001,5,3,2,10,1.0,0.0,0.0,0.425,4,0,2,,0
CUST02051,Loyal Customers,85,3,2953.97,3,3,4,10,1.0,1.0,0.0,0.27666666666666667,0,23,0,Gold,1
CUST02052,Loyal Customers,55,3,4211.0599999999995,3,3,5,11,0.0,0.0,0.0,0.13,2,12,0,Silver,0
CUST02053,Needs Nurturing,61,2,1075.67,3,3,2,8,0.0,0.0,0.0,0.375,0,0,0,,0
CUST02054,Champions,29,7,7547.42,4,5,5,14,1.0,1.0,0.14285714285714285,0.32857142857142857,9,5,0,,0
CUST02055,Loyal Customers,73,6,3391.84,3,5,4,12,0.0,0.0,0.0,0.24833333333333332,1,13,0,,0
CUST02056,At Risk,195,2,1281.97,1,3,2,6,0.0,0.0,0.0,0.12,2,35,1,Gold,1
CUST02057,Loyal Customers,3,2,1878.1,5,3,3,11,0.0,0.0,0.0,0.365,10,0,0,,0
CUST02058,Needs Nurturing,12,1,1013.35,5,2,2,9,0.0,0.0,0.0,0.31,0,0,1,,0
CUST02059,Needs Nurturing,53,3,2449.99,3,3,3,9,1.0,1.0,0.0,0.3133333333333333,2,7,1,,0
CUST02060,Needs Nurturing,23,2,1331.01,4,3,2,9,2.0,0.5,0.5,0.235,4,6,0,,1
CUST02061,High-Value but Unhappy,102,5,3294.69,2,5,4,11,2.0,0.5,0.0,0.194,7,13,1,Platinum,0
CUST02062,At Risk,161,4,3844.48,1,4,4,9,0.0,0.0,0.0,0.255,0,22,0,Silver,1
CUST02063,Loyal Customers,38,4,1973.4899999999998,4,4,3,11,1.0,1.0,0.25,0.28,7,19,1,,0
CUST02064,Loyal Customers,69,3,2866.45,3,3,4,10,1.0,1.0,0.3333333333333333,0.3066666666666667,2,0,0,,1
CUST02065,High-Value but Unhappy,172,5,3492.37,1,5,4,10,1.0,1.0,0.2,0.35600000000000004,1,37,0,,1
CUST02066,Needs Nurturing,48,1,656.93,3,2,1,6,1.0,1.0,0.0,0.39,9,5,2,,0
CUST02067,Loyal Customers,55,7,8726.75,3,5,5,13,3.0,1.0,0.0,0.2857142857142857,5,9,0,Gold,0
CUST02068,Loyal Customers,7,2,1629.56,5,3,3,11,0.0,0.0,0.0,0.28,11,0,4,Gold,0
CUST02069,At Risk,315,1,791.45,1,2,2,5,0.0,0.0,0.0,0.24,2,57,0,,1
CUST02070,Needs Nurturing,80,1,557.51,3,2,1,6,1.0,1.0,0.0,0.32,11,32,2,,1
CUST02071,Discount Sensitive,17,1,887.16,5,2,2,9,0.0,0.0,0.0,0.5,12,0,0,Gold,0
CUST02072,Champions,35,11,7176.07,4,5,5,14,1.0,1.0,0.0,0.39272727272727276,4,1,0,,1
CUST02073,Needs Nurturing,34,1,462.53,4,2,1,7,0.0,0.0,0.0,0.24,0,3,0,,1
CUST02074,Discount Sensitive,36,1,1003.93,4,2,2,8,0.0,0.0,0.0,0.46,7,0,1,Silver,0
CUST02075,At Risk,271,5,2192.94,1,5,3,9,1.0,1.0,0.2,0.298,0,59,0,,1
CUST02076,At Risk,213,4,3480.34,1,4,4,9,0.0,0.0,0.0,0.255,1,35,1,,1
CUST02077,Loyal Customers,78,5,2528.43,3,5,3,11,0.0,0.0,0.0,0.346,3,27,0,Silver,1
CUST02078,Champions,29,8,3814.58,4,5,4,13,3.0,0.6666666666666666,0.0,0.27375,3,12,2,Gold,0
CUST02079,Champions,19,7,4373.8099999999995,5,5,5,15,3.0,0.6666666666666666,0.2857142857142857,0.33571428571428574,1,6,0,,0
CUST02080,High-Value but Unhappy,178,3,2768.41,1,3,4,8,1.0,1.0,0.3333333333333333,0.25333333333333335,1,37,2,,1
CUST02081,At Risk,166,9,5848.4400000000005,1,5,5,11,2.0,0.5,0.0,0.3622222222222222,3,45,1,Gold,1
CUST02082,At Risk,124,2,1444.5700000000002,2,3,2,7,0.0,0.0,0.0,0.275,1,39,0,,1
CUST02083,Loyal Customers,28,2,1606.4,4,3,3,10,0.0,0.0,0.0,0.315,4,19,0,,0
CUST02084,At Risk,165,1,481.85,1,2,1,4,0.0,0.0,0.0,0.32,2,41,1,,1
CUST02085,Needs Nurturing,3,1,682.7,5,2,1,8,0.0,0.0,0.0,0.28,1,0,0,,1
CUST02086,Loyal Customers,40,2,1886.35,4,3,3,10,0.0,0.0,0.0,0.275,8,1,3,Silver,0
CUST02087,Needs Nurturing,14,1,479.82,5,2,1,8,0.0,0.0,0.0,0.37,3,0,0,Silver,0
CUST02088,Loyal Customers,41,3,1761.31,4,3,3,10,1.0,1.0,0.0,0.22,1,11,0,,1
CUST02089,Needs Nurturing,20,1,542.75,5,2,1,8,0.0,0.0,0.0,0.23,1,8,0,,0
CUST02090,Needs Nurturing,80,2,852.76,3,3,2,8,1.0,1.0,0.5,0.33499999999999996,1,6,0,Silver,1
CUST02091,Needs Nurturing,19,1,872.98,5,2,2,9,0.0,0.0,0.0,0.43,10,4,1,,0
CUST02092,High-Value but Unhappy,174,3,2595.52,1,3,4,8,1.0,1.0,0.0,0.17,2,31,0,Gold,1
CUST02093,Loyal Customers,11,2,1202.49,5,3,2,10,0.0,0.0,0.0,0.335,8,0,0,Gold,0
CUST02094,At Risk,96,2,1171.49,2,3,2,7,0.0,0.0,0.0,0.07,1,33,0,Gold,1
CUST02095,At Risk,163,2,1605.26,1,3,3,7,1.0,1.0,0.0,0.255,0,29,1,Silver,0
CUST02096,Loyal Customers,5,3,2926.04,5,3,4,12,0.0,0.0,0.0,0.29333333333333333,9,0,0,,1
CUST02097,Loyal Customers,59,4,2180.25,3,4,3,10,1.0,1.0,0.0,0.325,5,3,0,Silver,0
CUST02098,At Risk,223,1,558.72,1,2,1,4,0.0,0.0,0.0,0.18,8,32,0,Silver,1
CUST02099,At Risk,107,3,2275.89,2,3,3,8,0.0,0.0,0.0,0.36000000000000004,2,25,1,Silver,1
CUST02100,Champions,23,8,4274.82,4,5,5,14,2.0,1.0,0.125,0.33875,13,17,0,,0
CUST02101,Champions,18,7,4502.69,5,5,5,15,2.0,1.0,0.0,0.4042857142857143,6,0,0,,1
CUST02102,Champions,17,6,3780.56,5,5,4,14,0.0,0.0,0.0,0.39999999999999997,19,10,1,Platinum,0
CUST02103,Needs Nurturing,44,2,1052.31,4,3,2,9,1.0,0.0,0.0,0.4,0,0,0,Platinum,1
CUST02104,Discount Sensitive,4,1,679.74,5,2,1,8,0.0,0.0,0.0,0.49,7,0,0,Silver,0
CUST02105,Loyal Customers,15,4,2058.2,5,4,3,12,2.0,1.0,0.25,0.1,1,0,0,,0
CUST02106,Champions,46,8,20239.78,4,5,5,14,3.0,0.6666666666666666,0.125,0.32,7,14,1,Gold,0
CUST02107,At Risk,90,5,3080.15,2,5,4,11,0.0,0.0,0.0,0.22000000000000003,8,30,1,,1
CUST02108,Loyal Customers,9,3,2025.15,5,3,3,11,2.0,1.0,0.3333333333333333,0.24333333333333332,11,3,0,,0
CUST02109,Champions,21,5,3747.13,4,5,4,13,1.0,0.0,0.0,0.32199999999999995,7,7,3,,0
CUST02110,Needs Nurturing,26,2,1374.8200000000002,4,3,2,9,0.0,0.0,0.0,0.20500000000000002,1,13,0,Gold,0
CUST02111,At Risk,184,1,1404.22,1,2,2,5,0.0,0.0,0.0,0.3,0,34,0,Silver,1
CUST02112,At Risk,335,3,1402.8600000000001,1,3,2,6,0.0,0.0,0.0,0.34,0,60,0,Silver,1
CUST02113,At Risk,194,2,2358.37,1,3,3,7,0.0,0.0,0.0,0.33,1,37,0,,1
CUST02114,At Risk,111,2,587.4200000000001,2,3,1,6,1.0,0.0,0.5,0.32999999999999996,8,22,0,,1
CUST02115,At Risk,277,1,483.57,1,2,1,4,0.0,0.0,0.0,0.24,0,50,0,,0
CUST02116,At Risk,151,2,1180.1399999999999,1,3,2,6,1.0,0.0,0.0,0.235,1,28,0,Silver,1
CUST02117,At Risk,92,3,2584.4,2,3,4,9,0.0,0.0,0.0,0.21333333333333335,6,18,2,,0
CUST02118,At Risk,93,7,5739.9800000000005,2,5,5,12,0.0,0.0,0.0,0.3114285714285714,5,19,0,Silver,1
CUST02119,Loyal Customers,44,3,2881.38,4,3,4,11,2.0,0.5,0.0,0.2733333333333333,8,0,0,,0
CUST02120,Champions,41,8,4965.58,4,5,5,14,1.0,1.0,0.125,0.25375000000000003,1,1,0,,0
CUST02121,Needs Nurturing,23,1,467.21,4,2,1,7,0.0,0.0,0.0,0.33,6,1,0,Silver,0
CUST02122,At Risk,244,1,863.7,1,2,2,5,0.0,0.0,0.0,0.14,0,45,0,,0
CUST02123,At Risk,108,1,448.88,2,2,1,5,0.0,0.0,0.0,0.17,0,17,1,,0
CUST02124,Needs Nurturing,40,2,995.22,4,3,2,9,0.0,0.0,0.0,0.435,15,6,4,Silver,0
CUST02125,Discount Sensitive,140,1,321.85,2,2,1,5,1.0,1.0,0.0,0.47,13,30,5,Gold,1
CUST02126,At Risk,206,1,698.21,1,2,1,4,0.0,0.0,0.0,0.33,1,44,0,,1
CUST02127,At Risk,210,1,1050.81,1,2,2,5,0.0,0.0,0.0,0.24,3,38,1,Gold,1
CUST02128,Needs Nurturing,41,1,1406.44,4,2,2,8,0.0,0.0,0.0,0.11,11,3,0,Silver,1
CUST02129,At Risk,90,1,787.79,2,2,2,6,0.0,0.0,0.0,0.18,2,18,0,,1
CUST02130,Needs Nurturing,84,3,1356.56,3,3,2,8,2.0,1.0,0.0,0.3433333333333333,4,9,0,Silver,1
CUST02131,High-Value but Unhappy,93,4,2614.58,2,4,4,10,1.0,1.0,0.0,0.35,2,29,0,,0
CUST02132,Discount Sensitive,0,1,585.94,5,2,1,8,0.0,0.0,0.0,0.53,1,5,0,,0
CUST02133,Champions,33,4,3704.23,4,4,4,12,1.0,1.0,0.0,0.17500000000000002,11,8,1,,0
CUST02134,At Risk,192,3,2486.55,1,3,3,7,1.0,0.0,0.0,0.17333333333333334,1,44,0,Silver,0
CUST02135,Discount Sensitive,66,1,1006.67,3,2,2,7,1.0,0.0,0.0,0.46,2,13,0,,1
CUST02136,Loyal Customers,84,4,3776.61,3,4,4,11,1.0,1.0,0.25,0.2575,4,9,0,,1
CUST02137,Loyal Customers,47,3,3099.36,3,3,4,10,2.0,1.0,0.0,0.09999999999999999,5,7,3,,0
CUST02138,At Risk,194,1,472.88,1,2,1,4,1.0,1.0,0.0,0.22,2,36,0,,1
CUST02139,Discount Sensitive,28,1,440.82,4,2,1,7,0.0,0.0,0.0,0.45,3,7,0,,0
CUST02140,Champions,30,6,4288.45,4,5,5,14,1.0,1.0,0.16666666666666666,0.27,15,0,0,Gold,0
CUST02141,Needs Nurturing,77,2,2337.84,3,3,3,9,0.0,0.0,0.0,0.22499999999999998,16,11,2,,1
CUST02142,Needs Nurturing,79,1,1330.95,3,2,2,7,0.0,0.0,0.0,0.38,1,25,0,,1
CUST02143,Needs Nurturing,61,1,1023.26,3,2,2,7,0.0,0.0,0.0,0.2,14,13,2,Silver,0
CUST02144,At Risk,173,2,1767.13,1,3,3,7,0.0,0.0,0.0,0.29500000000000004,0,40,0,Silver,0
CUST02145,At Risk,111,7,4813.139999999999,2,5,5,12,0.0,0.0,0.0,0.2357142857142857,2,23,0,,1
CUST02146,At Risk,118,1,917.63,2,2,2,6,0.0,0.0,0.0,0.23,0,27,0,,1
CUST02147,At Risk,124,2,997.9000000000001,2,3,2,7,0.0,0.0,0.0,0.31,1,36,0,,1
CUST02148,At Risk,173,1,459.5,1,2,1,4,0.0,0.0,0.0,0.33,1,31,0,,0
CUST02149,Loyal Customers,64,2,3065.5299999999997,3,3,4,10,0.0,0.0,0.0,0.245,8,7,1,Gold,1
CUST02150,At Risk,245,4,2166.25,1,4,3,8,0.0,0.0,0.0,0.33,2,55,2,,1
CUST02151,Loyal Customers,39,3,2519.29,4,3,3,10,1.0,1.0,0.0,0.32,9,10,1,,0
CUST02152,At Risk,109,4,2366.99,2,4,3,9,1.0,1.0,0.0,0.20500000000000002,4,28,0,Silver,1
CUST02153,Loyal Customers,78,6,6234.7,3,5,5,13,2.0,1.0,0.0,0.33166666666666667,3,12,0,,1
CUST02154,High-Value but Unhappy,106,16,11777.27,2,5,5,12,3.0,1.0,0.0625,0.185,10,24,2,Gold,0
CUST02155,Discount Sensitive,197,1,846.73,1,2,2,5,0.0,0.0,0.0,0.49,10,45,0,,1
CUST02156,At Risk,214,1,1705.47,1,2,3,6,0.0,0.0,0.0,0.19,0,40,2,,1
CUST02157,Needs Nurturing,48,1,736.31,3,2,1,6,0.0,0.0,0.0,0.35,8,12,1,Gold,1
CUST02158,High-Value but Unhappy,101,8,4793.27,2,5,5,12,1.0,1.0,0.125,0.30875,3,0,2,Silver,1
CUST02159,Loyal Customers,9,3,1632.0,5,3,3,11,0.0,0.0,0.0,0.4666666666666666,19,10,0,,0
CUST02160,Loyal Customers,3,2,1098.67,5,3,2,10,2.0,0.5,0.0,0.215,2,0,0,,0
CUST02161,At Risk,153,3,2402.2799999999997,1,3,3,7,1.0,1.0,0.0,0.36999999999999994,1,41,0,,1
CUST02162,Champions,12,6,3338.24,5,5,4,14,0.0,0.0,0.0,0.305,12,0,4,,0
CUST02163,At Risk,123,3,2010.3600000000001,2,3,3,8,1.0,0.0,0.3333333333333333,0.33666666666666667,1,46,0,,1
CUST02164,Needs Nurturing,48,1,644.0,3,2,1,6,1.0,0.0,0.0,0.34,2,3,0,Gold,0
CUST02165,Needs Nurturing,39,2,667.69,4,3,1,8,0.0,0.0,0.0,0.185,3,0,0,,0
CUST02166,Needs Nurturing,20,1,1010.89,5,2,2,9,1.0,0.0,0.0,0.09,1,5,0,Silver,0
CUST02167,Champions,43,5,3963.67,4,5,4,13,0.0,0.0,0.0,0.384,6,24,0,,1
CUST02168,At Risk,165,3,2219.25,1,3,3,7,1.0,1.0,0.3333333333333333,0.24666666666666667,8,30,1,,1
CUST02169,High-Value but Unhappy,94,4,3065.81,2,4,4,10,2.0,1.0,0.0,0.1675,9,16,1,Gold,0
CUST02170,High-Value but Unhappy,138,6,3749.08,2,5,4,11,3.0,0.6666666666666666,0.3333333333333333,0.38833333333333336,3,25,1,Silver,1
CUST02171,At Risk,120,1,1067.07,2,2,2,6,0.0,0.0,0.0,0.21,1,11,1,,0
CUST02172,Champions,17,6,3942.03,5,5,4,14,3.0,0.6666666666666666,0.16666666666666666,0.30833333333333335,4,0,0,,0
CUST02173,Needs Nurturing,0,1,2057.25,5,2,3,10,1.0,0.0,0.0,0.33,9,13,1,,0
CUST02174,High-Value but Unhappy,139,7,3517.69,2,5,4,11,2.0,1.0,0.0,0.3385714285714286,12,30,2,,0
CUST02175,Champions,31,5,3584.25,4,5,4,13,0.0,0.0,0.0,0.126,6,6,1,Gold,0
CUST02176,At Risk,114,1,971.25,2,2,2,6,0.0,0.0,0.0,0.28,8,14,2,,1
CUST02177,At Risk,197,1,898.53,1,2,2,5,0.0,0.0,0.0,0.38,1,42,0,,1
CUST02178,Loyal Customers,36,4,2493.7200000000003,4,4,3,11,1.0,1.0,0.25,0.41000000000000003,9,11,1,,0
CUST02179,Needs Nurturing,14,1,475.85,5,2,1,8,1.0,0.0,0.0,0.17,9,0,0,Platinum,0
CUST02180,High-Value but Unhappy,122,3,2631.13,2,3,4,9,1.0,1.0,0.0,0.19333333333333336,7,20,1,Silver,1
CUST02181,Needs Nurturing,11,1,908.67,5,2,2,9,0.0,0.0,0.0,0.08,5,11,0,,0
CUST02182,Needs Nurturing,71,2,1385.9899999999998,3,3,2,8,1.0,1.0,0.0,0.35000000000000003,5,7,0,,0
CUST02183,Needs Nurturing,51,2,2206.5,3,3,3,9,0.0,0.0,0.0,0.36,2,0,1,,1
CUST02184,At Risk,110,2,1434.1,2,3,2,7,1.0,1.0,0.0,0.385,2,22,0,,1
CUST02185,High-Value but Unhappy,210,6,2701.7200000000003,1,5,4,10,1.0,1.0,0.0,0.33499999999999996,1,44,1,,1
CUST02186,At Risk,122,5,3170.84,2,5,4,11,0.0,0.0,0.0,0.266,5,26,1,Gold,1
CUST02187,At Risk,217,1,1006.5,1,2,2,5,0.0,0.0,0.0,0.3,1,40,1,,1
CUST02188,Discount Sensitive,125,2,640.48,2,3,1,6,0.0,0.0,0.0,0.565,1,25,0,,1
CUST02189,At Risk,87,4,2813.7799999999997,2,4,4,10,1.0,0.0,0.0,0.2625,6,17,0,,0
CUST02190,At Risk,101,4,2228.5,2,4,3,9,1.0,1.0,0.25,0.3075,2,17,1,,0
CUST02191,At Risk,158,4,2674.4,1,4,4,9,0.0,0.0,0.0,0.225,4,13,0,Silver,1
CUST02192,Needs Nurturing,9,1,911.64,5,2,2,9,0.0,0.0,0.0,0.0,10,17,2,Gold,0
CUST02193,Discount Sensitive,18,1,395.16,5,2,1,8,0.0,0.0,0.0,0.5,10,4,0,,0
CUST02194,Loyal Customers,67,5,7337.07,3,5,5,13,0.0,0.0,0.0,0.196,11,12,0,Gold,0
CUST02195,At Risk,119,8,4744.28,2,5,5,12,1.0,1.0,0.0,0.29875,3,26,1,,1
CUST02196,At Risk,175,1,605.92,1,2,1,4,0.0,0.0,0.0,0.21,0,38,0,,1
CUST02197,Needs Nurturing,21,1,362.15,4,2,1,7,0.0,0.0,0.0,0.09,9,10,0,Silver,1
CUST02198,At Risk,96,3,3118.08,2,3,4,9,0.0,0.0,0.0,0.3133333333333333,3,28,0,Silver,1
CUST02199,High-Value but Unhappy,96,4,2638.62,2,4,4,10,2.0,0.5,0.25,0.205,3,16,0,,1
CUST02200,Loyal Customers,3,3,1089.4,5,3,2,10,0.0,0.0,0.0,0.4066666666666667,5,9,0,,0
CUST02201,At Risk,129,5,4412.26,2,5,5,12,0.0,0.0,0.0,0.194,2,33,0,Silver,1
CUST02202,Champions,2,6,3383.51,5,5,4,14,0.0,0.0,0.0,0.27666666666666667,2,0,1,,0
CUST02203,Needs Nurturing,52,3,1505.22,3,3,2,8,0.0,0.0,0.0,0.35333333333333333,3,2,2,,0
CUST02204,At Risk,175,1,456.72,1,2,1,4,0.0,0.0,0.0,0.15,1,46,1,,1
CUST02205,At Risk,236,2,2473.31,1,3,3,7,0.0,0.0,0.0,0.385,3,43,0,,0
CUST02206,At Risk,278,2,1232.78,1,3,2,6,1.0,0.0,0.0,0.27,0,45,0,Gold,1
CUST02207,Champions,29,9,6120.55,4,5,5,14,3.0,1.0,0.1111111111111111,0.30666666666666664,2,9,0,,0
CUST02208,High-Value but Unhappy,123,6,5051.27,2,5,5,12,1.0,1.0,0.0,0.25666666666666665,0,35,0,,1
CUST02209,Loyal Customers,22,4,1867.09,4,4,3,11,0.0,0.0,0.0,0.27,11,0,0,,0
CUST02210,At Risk,154,2,1718.96,1,3,3,7,0.0,0.0,0.0,0.18,1,23,0,Silver,1
CUST02211,Champions,5,5,3668.86,5,5,4,14,1.0,1.0,0.0,0.41200000000000003,6,0,2,Gold,0
CUST02212,Needs Nurturing,52,1,619.75,3,2,1,6,0.0,0.0,0.0,0.32,2,16,0,Gold,1
CUST02213,Loyal Customers,43,3,1948.1499999999999,4,3,3,10,2.0,1.0,0.3333333333333333,0.26666666666666666,2,9,1,Silver,1
CUST02214,High-Value but Unhappy,213,6,5751.179999999999,1,5,5,11,3.0,1.0,0.3333333333333333,0.23500000000000001,3,22,1,Gold,1
CUST02215,Needs Nurturing,38,1,362.55,4,2,1,7,1.0,0.0,0.0,0.2,9,4,0,Silver,0
CUST02216,At Risk,90,3,2218.09,2,3,3,8,2.0,1.0,0.3333333333333333,0.3466666666666667,4,16,1,Silver,1
CUST02217,Needs Nurturing,42,1,586.15,4,2,1,7,0.0,0.0,0.0,0.04,12,0,2,,0
CUST02218,Champions,26,5,3903.06,4,5,4,13,1.0,1.0,0.2,0.258,2,0,2,,0
CUST02219,Needs Nurturing,39,1,484.4,4,2,1,7,0.0,0.0,0.0,0.11,4,2,1,,1
CUST02220,Needs Nurturing,70,1,366.62,3,2,1,6,0.0,0.0,0.0,0.23,7,7,0,Silver,0
CUST02221,Needs Nurturing,34,1,682.97,4,2,1,7,0.0,0.0,0.0,0.33,1,19,1,Gold,1
CUST02222,At Risk,92,1,836.55,2,2,2,6,1.0,0.0,1.0,0.06,7,5,0,Silver,1
CUST02223,Needs Nurturing,10,1,764.96,5,2,1,8,0.0,0.0,0.0,0.02,19,0,1,Gold,0
CUST02224,At Risk,197,3,1603.7,1,3,3,7,1.0,1.0,0.0,0.27,0,42,3,,1
CUST02225,At Risk,251,6,2353.84,1,5,3,9,2.0,0.5,0.3333333333333333,0.41,3,45,0,Silver,0
CUST02226,Loyal Customers,49,10,7516.83,3,5,5,13,3.0,1.0,0.1,0.322,5,10,0,Gold,0
CUST02227,Loyal Customers,28,4,2320.84,4,4,3,11,1.0,1.0,0.0,0.41250000000000003,4,14,0,,1
CUST02228,High-Value but Unhappy,87,3,2870.67,2,3,4,9,2.0,0.0,0.6666666666666666,0.3466666666666667,4,3,0,Silver,1
CUST02229,Loyal Customers,75,4,3538.13,3,4,4,11,1.0,1.0,0.0,0.225,9,19,1,Silver,0
CUST02230,Needs Nurturing,24,1,388.37,4,2,1,7,0.0,0.0,0.0,0.14,1,4,0,,1
CUST02231,Needs Nurturing,68,3,1511.08,3,3,2,8,0.0,0.0,0.0,0.36999999999999994,10,14,0,Silver,0
CUST02232,Needs Nurturing,0,1,327.98,5,2,1,8,0.0,0.0,0.0,0.22,5,2,0,Silver,0
CUST02233,At Risk,94,1,515.82,2,2,1,5,0.0,0.0,0.0,0.3,4,29,0,,0
CUST02234,At Risk,169,1,880.11,1,2,2,5,1.0,0.0,0.0,0.15,5,35,0,Gold,1
CUST02235,Needs Nurturing,52,1,221.66,3,2,1,6,0.0,0.0,0.0,0.36,1,6,0,,1
CUST02236,At Risk,145,2,1413.8899999999999,2,3,2,7,0.0,0.0,0.0,0.20500000000000002,1,27,0,,1
CUST02237,Champions,38,6,3565.76,4,5,4,13,1.0,1.0,0.16666666666666666,0.26833333333333337,10,0,2,Gold,0
CUST02238,Loyal Customers,57,10,6304.62,3,5,5,13,3.0,1.0,0.2,0.278,2,4,0,Gold,1
CUST02239,Needs Nurturing,45,1,576.85,4,2,1,7,0.0,0.0,0.0,0.27,5,19,0,Silver,1
CUST02240,Needs Nurturing,19,1,2577.76,5,2,4,11,0.0,0.0,0.0,0.09,6,4,0,,0
CUST02241,At Risk,114,4,3532.06,2,4,4,10,0.0,0.0,0.0,0.1475,0,31,0,Gold,1
CUST02242,At Risk,130,3,2407.42,2,3,3,8,1.0,1.0,0.3333333333333333,0.25,1,29,0,,1
CUST02243,High-Value but Unhappy,133,4,2923.57,2,4,4,10,1.0,1.0,0.25,0.1975,7,31,0,Silver,1
CUST02244,Loyal Customers,5,4,2406.37,5,4,3,12,0.0,0.0,0.0,0.255,5,0,1,Silver,0
CUST02245,Loyal Customers,83,8,4970.59,3,5,5,13,2.0,0.5,0.125,0.255,7,29,1,Silver,1
CUST02246,At Risk,153,3,2005.87,1,3,3,7,1.0,1.0,0.0,0.30666666666666664,6,30,1,,1
CUST02247,Needs Nurturing,55,1,533.22,3,2,1,6,0.0,0.0,0.0,0.3,0,4,0,,0
CUST02248,At Risk,93,1,1245.24,2,2,2,6,0.0,0.0,0.0,0.2,2,17,0,,1
CUST02249,Needs Nurturing,75,3,1584.17,3,3,3,9,1.0,1.0,0.0,0.36000000000000004,10,28,0,Platinum,1
CUST02250,Champions,15,6,3309.5,5,5,4,14,3.0,1.0,0.3333333333333333,0.2783333333333333,10,18,0,Silver,0
CUST02251,At Risk,182,2,1716.8,1,3,3,7,0.0,0.0,0.0,0.235,8,22,1,Silver,1
CUST02252,Loyal Customers,62,4,2123.62,3,4,3,10,2.0,1.0,0.0,0.305,1,16,0,,1
CUST02253,Loyal Customers,67,7,5056.679999999999,3,5,5,13,2.0,1.0,0.0,0.24857142857142858,9,15,0,Gold,0
CUST02254,At Risk,91,1,321.87,2,2,1,5,1.0,1.0,0.0,0.35,4,9,0,Silver,1
CUST02255,Needs Nurturing,15,1,485.28,5,2,1,8,0.0,0.0,0.0,0.35,11,0,0,,0
CUST02256,Loyal Customers,42,4,2003.71,4,4,3,11,1.0,1.0,0.0,0.3275,12,10,1,,0
CUST02257,Loyal Customers,60,5,4038.65,3,5,5,13,3.0,0.6666666666666666,0.0,0.258,3,2,0,Silver,1
CUST02258,At Risk,198,4,2233.67,1,4,3,8,1.0,0.0,0.0,0.2475,8,39,1,,1
CUST02259,Needs Nurturing,42,2,917.25,4,3,2,9,0.0,0.0,0.0,0.3,17,8,1,Gold,0
CUST02260,Loyal Customers,69,3,3309.0299999999997,3,3,4,10,1.0,1.0,0.0,0.24666666666666667,7,15,1,Silver,1
CUST02261,Loyal Customers,55,4,3277.19,3,4,4,11,2.0,0.5,0.0,0.41750000000000004,4,17,1,,1
CUST02262,At Risk,97,3,2320.9,2,3,3,8,1.0,1.0,0.0,0.2966666666666667,0,30,0,Silver,1
CUST02263,At Risk,118,1,385.7,2,2,1,5,0.0,0.0,0.0,0.0,8,31,0,,0
CUST02264,Loyal Customers,45,3,2217.6800000000003,4,3,3,10,1.0,1.0,0.3333333333333333,0.18000000000000002,3,9,0,Gold,0
CUST02265,Discount Sensitive,31,1,280.88,4,2,1,7,0.0,0.0,0.0,0.54,3,0,0,Silver,1
CUST02266,Needs Nurturing,20,1,563.66,5,2,1,8,0.0,0.0,0.0,0.22,2,13,3,,0
CUST02267,At Risk,207,2,2539.23,1,3,3,7,2.0,1.0,0.5,0.07,5,35,1,,0
CUST02268,At Risk,167,2,1421.47,1,3,2,6,0.0,0.0,0.0,0.21500000000000002,2,26,0,Gold,1
CUST02269,Champions,7,4,3854.66,5,4,4,13,1.0,0.0,0.25,0.3375,8,25,0,Gold,0
CUST02270,High-Value but Unhappy,91,6,4121.46,2,5,5,12,1.0,1.0,0.0,0.22833333333333336,14,13,1,,0
CUST02271,At Risk,119,2,1585.3500000000001,2,3,3,8,1.0,1.0,0.0,0.24000000000000002,4,27,2,,0
CUST02272,Loyal Customers,59,11,8117.28,3,5,5,13,4.0,1.0,0.18181818181818182,0.3245454545454546,13,2,2,,0
CUST02273,At Risk,163,2,1263.48,1,3,2,6,0.0,0.0,0.0,0.37,8,39,1,,1
CUST02274,Needs Nurturing,70,2,897.32,3,3,2,8,1.0,0.0,0.0,0.35,7,7,1,,1
CUST02275,Loyal Customers,21,4,1569.5,4,4,3,11,0.0,0.0,0.0,0.265,5,0,0,Silver,0
CUST02276,At Risk,265,2,2509.86,1,3,3,7,2.0,0.5,0.0,0.4,1,50,0,Gold,0
CUST02277,At Risk,218,2,3384.3,1,3,4,8,0.0,0.0,0.0,0.115,4,49,0,,1
CUST02278,At Risk,116,2,937.17,2,3,2,7,1.0,1.0,0.0,0.31,0,28,0,,1
CUST02279,Loyal Customers,21,3,2624.92,4,3,4,11,0.0,0.0,0.0,0.06333333333333334,0,10,0,,0
CUST02280,At Risk,145,1,1244.85,2,2,2,6,0.0,0.0,0.0,0.43,8,32,1,,1
CUST02281,At Risk,120,2,1698.6799999999998,2,3,3,8,0.0,0.0,0.0,0.24,8,28,0,,1
CUST02282,Needs Nurturing,7,1,300.59,5,2,1,8,1.0,1.0,0.0,0.29,1,10,0,,1
CUST02283,At Risk,132,4,1771.46,2,4,3,9,0.0,0.0,0.0,0.2425,1,26,0,,1
CUST02284,Champions,35,5,3144.28,4,5,4,13,1.0,1.0,0.2,0.248,11,6,2,Platinum,1
CUST02285,Needs Nurturing,19,1,903.8,5,2,2,9,1.0,1.0,0.0,0.27,0,31,1,,0
CUST02286,At Risk,242,2,2310.76,1,3,3,7,0.0,0.0,0.0,0.11,2,58,1,,1
CUST02287,High-Value but Unhappy,100,7,7044.49,2,5,5,12,1.0,1.0,0.14285714285714285,0.24,0,12,1,,0
CUST02288,Loyal Customers,58,5,4722.57,3,5,5,13,1.0,1.0,0.2,0.27999999999999997,1,21,0,Gold,0
CUST02289,At Risk,93,4,4308.88,2,4,5,11,1.0,0.0,0.0,0.3,6,6,0,,0
CUST02290,Loyal Customers,76,5,5620.530000000001,3,5,5,13,2.0,1.0,0.2,0.28200000000000003,6,7,0,,0
CUST02291,At Risk,214,6,3936.09,1,5,4,10,0.0,0.0,0.0,0.3116666666666667,3,31,0,Silver,1
CUST02292,Loyal Customers,4,4,2077.06,5,4,3,12,1.0,1.0,0.25,0.2825,2,4,0,,1
CUST02293,At Risk,287,4,4413.400000000001,1,4,5,10,0.0,0.0,0.0,0.1925,4,44,0,,1
CUST02294,Loyal Customers,19,2,785.8399999999999,5,3,2,10,1.0,1.0,0.5,0.33999999999999997,1,7,1,Silver,0
CUST02295,Needs Nurturing,24,2,958.6199999999999,4,3,2,9,1.0,0.0,0.0,0.35,3,0,0,,0
CUST02296,Loyal Customers,73,5,2333.01,3,5,3,11,2.0,1.0,0.0,0.32,11,3,1,,0
CUST02297,Needs Nurturing,27,1,389.45,4,2,1,7,0.0,0.0,0.0,0.19,3,1,2,Silver,1
CUST02298,At Risk,100,6,4073.9900000000002,2,5,5,12,1.0,0.0,0.0,0.35000000000000003,13,36,0,Gold,1
CUST02299,At Risk,101,1,1062.37,2,2,2,6,0.0,0.0,0.0,0.16,7,19,1,,0
CUST02300,At Risk,104,3,3051.79,2,3,4,9,0.0,0.0,0.0,0.14333333333333334,1,29,1,,0
CUST02301,At Risk,126,3,1446.59,2,3,2,7,0.0,0.0,0.0,0.2733333333333334,7,35,0,Gold,0
CUST02302,Needs Nurturing,79,3,1243.3400000000001,3,3,2,8,1.0,1.0,0.0,0.30333333333333334,8,28,0,Silver,1
CUST02303,Needs Nurturing,24,1,590.19,4,2,1,7,1.0,1.0,1.0,0.01,12,0,0,,0
CUST02304,Champions,36,6,2964.84,4,5,4,13,0.0,0.0,0.0,0.315,6,14,2,Silver,1
CUST02305,Champions,40,7,5250.78,4,5,5,14,0.0,0.0,0.0,0.28285714285714286,12,1,0,,0
CUST02306,Needs Nurturing,74,2,2087.3199999999997,3,3,3,9,1.0,0.0,0.0,0.155,5,9,0,,0
CUST02307,Needs Nurturing,24,2,1057.9,4,3,2,9,0.0,0.0,0.0,0.185,4,13,0,,0
CUST02308,At Risk,116,3,2021.26,2,3,3,8,0.0,0.0,0.0,0.37333333333333335,0,22,0,,1
CUST02309,At Risk,562,1,359.12,1,2,1,4,0.0,0.0,0.0,0.22,1,60,1,,1
CUST02310,Champions,25,5,3787.63,4,5,4,13,2.0,1.0,0.0,0.236,8,1,2,,0
CUST02311,High-Value but Unhappy,200,6,2984.76,1,5,4,10,1.0,1.0,0.0,0.38166666666666665,3,38,2,,1
CUST02312,High-Value but Unhappy,205,7,4727.71,1,5,5,11,3.0,1.0,0.0,0.29857142857142854,3,48,2,Silver,1
CUST02313,At Risk,171,1,583.08,1,2,1,4,0.0,0.0,0.0,0.36,3,30,0,Silver,0
CUST02314,Needs Nurturing,0,1,443.94,5,2,1,8,0.0,0.0,0.0,0.35,16,0,1,,0
CUST02315,Champions,39,8,5134.64,4,5,5,14,3.0,1.0,0.0,0.2725,12,22,0,,0
CUST02316,Needs Nurturing,17,1,552.35,5,2,1,8,0.0,0.0,0.0,0.44,7,8,0,,0
CUST02317,Champions,1,7,6148.13,5,5,5,15,2.0,1.0,0.0,0.24,9,0,1,,0
CUST02318,Needs Nurturing,85,1,514.56,3,2,1,6,0.0,0.0,0.0,0.3,3,18,1,Silver,0
CUST02319,Needs Nurturing,36,1,1156.63,4,2,2,8,0.0,0.0,0.0,0.4,6,21,1,Silver,0
CUST02320,At Risk,97,2,519.24,2,3,1,6,0.0,0.0,0.0,0.345,3,15,2,,1
CUST02321,High-Value but Unhappy,172,6,4633.05,1,5,5,11,1.0,1.0,0.0,0.33166666666666667,3,18,2,Silver,1
CUST02322,Champions,38,4,3153.22,4,4,4,12,0.0,0.0,0.0,0.29,6,0,2,Silver,0
CUST02323,Loyal Customers,84,2,3391.66,3,3,4,10,1.0,1.0,0.5,0.19,4,15,0,Gold,1
CUST02324,At Risk,178,3,2455.75,1,3,3,7,1.0,0.0,0.0,0.28,2,43,0,,1
CUST02325,Loyal Customers,14,5,2255.7400000000002,5,5,3,13,1.0,1.0,0.2,0.354,12,0,0,Silver,0
CUST02326,Needs Nurturing,14,1,831.86,5,2,2,9,0.0,0.0,0.0,0.2,4,0,3,,0
CUST02327,At Risk,160,3,1354.68,1,3,2,6,1.0,1.0,0.0,0.2733333333333334,9,32,1,,1
CUST02328,Needs Nurturing,13,1,639.75,5,2,1,8,0.0,0.0,0.0,0.34,1,0,0,Gold,0
CUST02329,At Risk,90,5,4216.7699999999995,2,5,5,12,1.0,0.0,0.0,0.11200000000000002,7,17,3,Silver,0
CUST02330,Loyal Customers,75,6,6079.95,3,5,5,13,4.0,1.0,0.16666666666666666,0.25166666666666665,4,3,0,Platinum,0
CUST02331,Champions,11,8,8892.78,5,5,5,15,1.0,1.0,0.125,0.27125,7,0,0,Silver,0
CUST02332,Champions,17,4,4620.94,5,4,5,14,1.0,1.0,0.25,0.2375,4,16,0,Gold,0
CUST02333,Needs Nurturing,0,1,648.38,5,2,1,8,0.0,0.0,0.0,0.29,3,7,3,,0
CUST02334,Needs Nurturing,13,1,1812.0,5,2,3,10,0.0,0.0,0.0,0.19,11,1,0,Silver,0
CUST02335,Loyal Customers,40,4,2535.74,4,4,3,11,0.0,0.0,0.0,0.1875,7,13,1,,0
CUST02336,Needs Nurturing,78,2,777.1700000000001,3,3,2,8,0.0,0.0,0.0,0.225,13,4,2,,0
CUST02337,Needs Nurturing,13,1,1911.28,5,2,3,10,0.0,0.0,0.0,0.19,21,0,2,,0
CUST02338,Loyal Customers,31,2,1594.4499999999998,4,3,3,10,1.0,1.0,0.0,0.375,16,0,2,Gold,0
CUST02339,Champions,31,5,3093.07,4,5,4,13,2.0,1.0,0.2,0.21000000000000002,8,0,2,Silver,0
CUST02340,Champions,28,7,6261.87,4,5,5,14,3.0,1.0,0.0,0.24714285714285714,8,1,0,Gold,0
CUST02341,Needs Nurturing,31,1,490.32,4,2,1,7,0.0,0.0,0.0,0.13,2,7,0,,0
CUST02342,Needs Nurturing,57,2,1718.3899999999999,3,3,3,9,1.0,1.0,0.0,0.24,5,0,0,Silver,0
CUST02343,Needs Nurturing,24,1,1077.84,4,2,2,8,0.0,0.0,0.0,0.13,7,0,2,Silver,0
CUST02344,Needs Nurturing,19,1,536.58,5,2,1,8,0.0,0.0,0.0,0.33,2,18,2,Silver,1
CUST02345,Champions,33,5,3378.75,4,5,4,13,0.0,0.0,0.0,0.22200000000000003,1,9,0,,0
CUST02346,Loyal Customers,16,3,1415.13,5,3,2,10,2.0,1.0,0.0,0.3333333333333333,6,0,0,,0
CUST02347,At Risk,92,1,1102.94,2,2,2,6,0.0,0.0,0.0,0.28,3,20,2,,0
CUST02348,At Risk,115,4,4886.8,2,4,5,11,0.0,0.0,0.0,0.2825,6,33,1,,0
CUST02349,Needs Nurturing,54,3,1811.6,3,3,3,9,0.0,0.0,0.0,0.22,9,8,1,,0
CUST02350,At Risk,132,3,3619.51,2,3,4,9,0.0,0.0,0.0,0.2966666666666667,1,21,1,,0
CUST02351,At Risk,239,1,1592.34,1,2,3,6,0.0,0.0,0.0,0.26,1,56,0,,1
CUST02352,Loyal Customers,8,4,2251.45,5,4,3,12,0.0,0.0,0.0,0.255,3,15,0,,0
CUST02353,At Risk,150,5,3152.52,1,5,4,10,1.0,0.0,0.0,0.368,6,24,1,,0
CUST02354,Needs Nurturing,19,1,666.97,5,2,1,8,0.0,0.0,0.0,0.35,0,0,0,,0
CUST02355,Champions,9,7,3620.0899999999997,5,5,4,14,3.0,0.6666666666666666,0.0,0.3628571428571429,0,0,0,,0
CUST02356,Needs Nurturing,34,2,1160.46,4,3,2,9,0.0,0.0,0.0,0.225,13,0,1,Silver,0
CUST02357,Champions,30,8,7592.09,4,5,5,14,2.0,1.0,0.0,0.195,5,0,1,Gold,0
CUST02358,Loyal Customers,72,3,2849.58,3,3,4,10,3.0,1.0,0.0,0.2733333333333334,1,0,1,Silver,1
CUST02359,Champions,28,4,2631.74,4,4,4,12,0.0,0.0,0.0,0.24250000000000002,17,2,0,Gold,0
CUST02360,Needs Nurturing,39,2,830.9399999999999,4,3,2,9,0.0,0.0,0.0,0.365,5,12,1,,1
CUST02361,Needs Nurturing,43,1,430.86,4,2,1,7,0.0,0.0,0.0,0.28,2,13,0,Silver,1
CUST02362,Loyal Customers,20,2,2072.46,5,3,3,11,0.0,0.0,0.0,0.36,4,12,1,Platinum,0
CUST02363,Loyal Customers,20,2,2190.38,5,3,3,11,1.0,1.0,0.5,0.18,5,8,0,,0
CUST02364,At Risk,153,2,1091.09,1,3,2,6,1.0,1.0,0.0,0.325,1,31,0,,0
CUST02365,Champions,9,5,4018.01,5,5,4,14,0.0,0.0,0.0,0.33399999999999996,17,11,1,,0
CUST02366,At Risk,219,5,2837.05,1,5,4,10,0.0,0.0,0.0,0.32199999999999995,4,34,0,,0
CUST02367,Loyal Customers,70,4,2571.52,3,4,4,11,1.0,0.0,0.0,0.2925,5,15,4,Platinum,0
CUST02368,High-Value but Unhappy,157,4,4203.85,1,4,5,10,3.0,1.0,0.25,0.3325,2,33,0,Silver,1
CUST02369,Needs Nurturing,22,1,377.41,4,2,1,7,0.0,0.0,0.0,0.17,14,0,2,,0
CUST02370,Loyal Customers,21,3,1826.48,4,3,3,10,1.0,1.0,0.0,0.20666666666666667,4,0,0,,0
CUST02371,Champions,44,4,2578.0099999999998,4,4,4,12,2.0,1.0,0.0,0.3175,4,12,0,Silver,0
CUST02372,Champions,23,5,2903.5299999999997,4,5,4,13,1.0,1.0,0.0,0.242,15,9,0,,0
CUST02373,Loyal Customers,7,3,2811.29,5,3,4,12,1.0,1.0,0.0,0.35666666666666663,2,0,0,Gold,0
CUST02374,Needs Nurturing,80,1,158.59,3,2,1,6,0.0,0.0,0.0,0.43,2,20,2,,0
CUST02375,Needs Nurturing,81,1,530.02,3,2,1,6,0.0,0.0,0.0,0.28,2,26,1,,0
CUST02376,Loyal Customers,4,3,2320.3599999999997,5,3,3,11,0.0,0.0,0.0,0.24666666666666667,1,0,0,,0
CUST02377,Loyal Customers,32,2,1996.9699999999998,4,3,3,10,0.0,0.0,0.0,0.445,9,17,3,,0
CUST02378,Loyal Customers,2,2,1141.79,5,3,2,10,0.0,0.0,0.0,0.315,13,0,0,Platinum,0
CUST02379,At Risk,112,1,588.32,2,2,1,5,0.0,0.0,0.0,0.35,11,25,0,,1
CUST02380,Discount Sensitive,136,1,331.92,2,2,1,5,0.0,0.0,0.0,0.51,0,29,0,,1
CUST02381,Needs Nurturing,4,1,798.67,5,2,2,9,1.0,0.0,0.0,0.4,8,8,0,,0
CUST02382,High-Value but Unhappy,89,7,6958.09,2,5,5,12,1.0,1.0,0.14285714285714285,0.23,4,7,2,Silver,0
CUST02383,At Risk,108,4,1842.06,2,4,3,9,2.0,1.0,0.0,0.265,7,23,3,,1
CUST02384,Needs Nurturing,68,3,2259.81,3,3,3,9,1.0,1.0,0.3333333333333333,0.30666666666666664,7,28,0,Silver,0
CUST02385,Needs Nurturing,27,1,873.79,4,2,2,8,0.0,0.0,0.0,0.32,1,5,2,Silver,0
CUST02386,Loyal Customers,0,2,1758.17,5,3,3,11,0.0,0.0,0.0,0.145,7,0,1,,0
CUST02387,At Risk,97,1,324.03,2,2,1,5,1.0,1.0,0.0,0.28,9,23,2,,0
CUST02388,Needs Nurturing,49,1,2614.56,3,2,4,9,0.0,0.0,0.0,0.35,5,9,0,Silver,0
CUST02389,At Risk,125,4,1987.76,2,4,3,9,2.0,1.0,0.25,0.23,1,26,0,,1
CUST02390,At Risk,282,3,2336.76,1,3,3,7,0.0,0.0,0.0,0.33666666666666667,2,60,0,Silver,1
CUST02391,Needs Nurturing,52,1,767.26,3,2,1,6,1.0,1.0,0.0,0.32,1,18,0,,1
CUST02392,At Risk,96,3,1858.71,2,3,3,8,0.0,0.0,0.0,0.36000000000000004,2,20,1,,1
CUST02393,High-Value but Unhappy,122,6,5816.6900000000005,2,5,5,12,2.0,0.5,0.16666666666666666,0.22166666666666668,0,29,0,,0
CUST02394,Champions,38,5,4632.17,4,5,5,14,2.0,1.0,0.0,0.182,5,5,4,Silver,0
CUST02395,At Risk,364,4,1428.0,1,4,2,7,4.0,1.0,0.5,0.3,1,60,0,,1
CUST02396,At Risk,114,1,553.88,2,2,1,5,1.0,1.0,0.0,0.23,1,42,0,,1
CUST02397,Needs Nurturing,58,1,451.68,3,2,1,6,0.0,0.0,0.0,0.34,12,25,1,Silver,0
CUST02398,Loyal Customers,49,7,4117.02,3,5,5,13,2.0,1.0,0.14285714285714285,0.31285714285714283,4,10,0,,0
CUST02399,At Risk,276,4,2579.22,1,4,4,9,0.0,0.0,0.0,0.36,1,60,1,,1
CUST02400,At Risk,110,2,1017.49,2,3,2,7,0.0,0.0,0.0,0.25,1,11,0,,1
